placar_casa,placar_visitante,data,round,stage,ano,equipe_casa,equipe_visitante,resultado,Pts_casa,3P_casa,2P_casa,LL_casa,RT_casa,RO_casa,RD_casa,AS_casa,ER_casa,IA%_casa,3PC_casa,3PT_casa,3P%_casa,2PC_casa,2PT_casa,2P%_casa,LLC_casa,LLT_casa,LL%_casa,EN_casa,BR_casa,B/E_casa,TO_casa,FC_casa,T/FC_casa,ET_casa,VI_casa,EF_casa,Pts_visitante,3P_visitante,2P_visitante,LL_visitante,RT_visitante,RO_visitante,RD_visitante,AS_visitante,ER_visitante,IA%_visitante,3PC_visitante,3PT_visitante,3P%_visitante,2PC_visitante,2PT_visitante,2P%_visitante,LLC_visitante,LLT_visitante,LL%_visitante,EN_visitante,BR_visitante,B/E_visitante,TO_visitante,FC_visitante,T/FC_visitante,ET_visitante,VI_visitante,EF_visitante
75,85,2018-10-13,1,1,2018-2019,Paulistano,Mogi,0,0.0,0.0,0.0,0.0,0.0,0.0,0.0,0.0,0.0,0.0,0.0,0.0,0.0,0.0,0.0,0.0,0.0,0.0,0.0,0.0,0.0,0.0,0.0,0.0,0.0,0.0,0.0,0.0,0.0,0.0,0.0,0.0,0.0,0.0,0.0,0.0,0.0,0.0,0.0,0.0,0.0,0.0,0.0,0.0,0.0,0.0,0.0,0.0,0.0,0.0,0.0,0.0,0.0,0.0,0.0,0.0
76,77,2018-10-13,1,1,2018-2019,Brasília,R10 Score Vasco da Gama,0,0.0,0.0,0.0,0.0,0.0,0.0,0.0,0.0,0.0,0.0,0.0,0.0,0.0,0.0,0.0,0.0,0.0,0.0,0.0,0.0,0.0,0.0,0.0,0.0,0.0,0.0,0.0,0.0,0.0,0.0,0.0,0.0,0.0,0.0,0.0,0.0,0.0,0.0,0.0,0.0,0.0,0.0,0.0,0.0,0.0,0.0,0.0,0.0,0.0,0.0,0.0,0.0,0.0,0.0,0.0,0.0
54,73,2018-10-13,1,1,2018-2019,Fortaleza B. C. / CFO,Flamengo,0,0.0,0.0,0.0,0.0,0.0,0.0,0.0,0.0,0.0,0.0,0.0,0.0,0.0,0.0,0.0,0.0,0.0,0.0,0.0,0.0,0.0,0.0,0.0,0.0,0.0,0.0,0.0,0.0,0.0,0.0,0.0,0.0,0.0,0.0,0.0,0.0,0.0,0.0,0.0,0.0,0.0,0.0,0.0,0.0,0.0,0.0,0.0,0.0,0.0,0.0,0.0,0.0,0.0,0.0,0.0,0.0
92,81,2018-10-13,1,1,2018-2019,Pinheiros,Bauru Basket,1,0.0,0.0,0.0,0.0,0.0,0.0,0.0,0.0,0.0,0.0,0.0,0.0,0.0,0.0,0.0,0.0,0.0,0.0,0.0,0.0,0.0,0.0,0.0,0.0,0.0,0.0,0.0,0.0,0.0,0.0,0.0,0.0,0.0,0.0,0.0,0.0,0.0,0.0,0.0,0.0,0.0,0.0,0.0,0.0,0.0,0.0,0.0,0.0,0.0,0.0,0.0,0.0,0.0,0.0,0.0,0.0
69,94,2018-10-15,1,1,2018-2019,Brasília,Flamengo,0,72.5,30.0,29.0,13.5,37.5,8.5,29.0,16.0,14.5,1.1,10.0,29.5,33.9,14.5,38.0,38.16,13.5,15.5,87.1,1.0,6.0,0.41,3.0,22.0,0.14,14.5,2.5,75.5,81.0,27.0,39.33,14.67,49.33,17.67,31.67,17.33,11.0,1.58,9.0,29.67,30.34,19.67,44.0,44.7,14.67,20.33,72.13,1.0,6.33,0.58,2.0,18.67,0.11,11.0,1.33,94.33
62,64,2018-10-15,1,1,2018-2019,Botafogo,Joinville / AABJ,0,0.0,0.0,0.0,0.0,0.0,0.0,0.0,0.0,0.0,0.0,0.0,0.0,0.0,0.0,0.0,0.0,0.0,0.0,0.0,0.0,0.0,0.0,0.0,0.0,0.0,0.0,0.0,0.0,0.0,0.0,0.0,0.0,0.0,0.0,0.0,0.0,0.0,0.0,0.0,0.0,0.0,0.0,0.0,0.0,0.0,0.0,0.0,0.0,0.0,0.0,0.0,0.0,0.0,0.0,0.0,0.0
88,86,2018-10-15,1,1,2018-2019,Pinheiros,Coop/São José Basketball,1,87.67,37.0,38.67,12.0,33.33,10.67,22.67,15.33,10.33,1.48,12.33,27.67,44.58,19.33,37.0,52.25,12.0,15.33,78.26,1.0,6.0,0.58,2.33,16.67,0.14,10.33,1.0,98.0,0.0,0.0,0.0,0.0,0.0,0.0,0.0,0.0,0.0,0.0,0.0,0.0,0.0,0.0,0.0,0.0,0.0,0.0,0.0,0.0,0.0,0.0,0.0,0.0,0.0,0.0,0.0,0.0
80,83,2018-10-16,1,1,2018-2019,Corinthians,Sesi Franca,0,0.0,0.0,0.0,0.0,0.0,0.0,0.0,0.0,0.0,0.0,0.0,0.0,0.0,0.0,0.0,0.0,0.0,0.0,0.0,0.0,0.0,0.0,0.0,0.0,0.0,0.0,0.0,0.0,0.0,0.0,0.0,0.0,0.0,0.0,0.0,0.0,0.0,0.0,0.0,0.0,0.0,0.0,0.0,0.0,0.0,0.0,0.0,0.0,0.0,0.0,0.0,0.0,0.0,0.0,0.0,0.0
92,86,2018-10-17,1,1,2018-2019,Coop/São José Basketball,Fortaleza B. C. / CFO,1,89.0,31.5,40.0,17.5,33.5,6.0,27.5,21.5,14.5,1.48,10.5,23.5,44.68,20.0,34.5,57.97,17.5,23.0,76.09,0.0,7.0,0.48,1.5,23.0,0.07,14.5,3.0,104.5,70.67,24.0,34.67,12.0,37.67,12.0,25.67,12.67,13.33,0.95,8.0,23.33,34.29,17.33,43.0,40.31,12.0,19.33,62.07,1.67,5.0,0.38,1.33,18.67,0.07,13.33,2.0,65.33
76,75,2018-10-17,1,1,2018-2019,Flamengo,Joinville / AABJ,1,81.0,27.0,39.33,14.67,49.33,17.67,31.67,17.33,11.0,1.58,9.0,29.67,30.34,19.67,44.0,44.7,14.67,20.33,72.13,1.0,6.33,0.58,2.0,18.67,0.11,11.0,1.33,94.33,71.0,31.0,25.33,14.67,43.0,13.67,29.33,16.0,17.67,0.91,10.33,27.0,38.27,12.67,31.67,40.0,14.67,22.33,65.67,1.33,6.67,0.38,1.67,18.0,0.09,17.67,4.33,77.0
77,83,2018-10-18,1,1,2018-2019,Mogi,Pinheiros,0,87.33,29.0,44.67,13.67,42.67,13.67,29.0,22.0,11.33,1.94,9.67,22.67,42.65,22.33,45.33,49.26,13.67,17.33,78.85,1.33,6.67,0.59,2.67,19.0,0.14,11.33,2.67,110.33,87.67,37.0,38.67,12.0,33.33,10.67,22.67,15.33,10.33,1.48,12.33,27.67,44.58,19.33,37.0,52.25,12.0,15.33,78.26,1.0,6.0,0.58,2.33,16.67,0.14,10.33,1.0,98.0
66,74,2018-10-19,1,1,2018-2019,R10 Score Vasco da Gama,Joinville / AABJ,0,71.5,19.5,39.0,13.0,43.5,12.0,31.5,17.0,13.5,1.26,6.5,25.0,26.0,19.5,41.5,46.99,13.0,21.5,60.47,1.5,5.5,0.41,2.5,19.0,0.13,13.5,3.0,77.5,71.0,31.0,25.33,14.67,43.0,13.67,29.33,16.0,17.67,0.91,10.33,27.0,38.27,12.67,31.67,40.0,14.67,22.33,65.67,1.33,6.67,0.38,1.67,18.0,0.09,17.67,4.33,77.0
83,92,2018-10-19,1,1,2018-2019,Corinthians,Paulistano,0,81.5,18.0,45.0,18.5,35.0,11.5,23.5,12.5,8.5,1.47,6.0,20.5,29.27,22.5,47.5,47.37,18.5,22.5,82.22,1.5,6.0,0.71,1.5,26.5,0.06,8.5,1.0,84.5,83.5,24.0,43.0,16.5,39.5,11.5,28.0,18.5,11.5,1.61,8.0,33.0,24.24,21.5,34.0,63.24,16.5,22.0,75.0,4.0,5.5,0.48,3.0,23.0,0.13,11.5,2.0,95.5
74,77,2018-10-20,1,1,2018-2019,Sesi Franca,Botafogo,0,78.5,25.5,34.0,19.0,35.5,9.5,26.0,15.0,11.0,1.36,8.5,30.5,27.87,17.0,30.0,56.67,19.0,23.5,80.85,1.0,5.5,0.5,1.5,19.5,0.08,11.0,0.5,85.5,69.5,18.0,43.0,8.5,33.5,8.5,25.0,14.0,14.0,1.0,6.0,20.5,29.27,21.5,37.0,58.11,8.5,13.0,65.38,1.5,7.0,0.5,3.0,21.5,0.14,14.0,4.0,78.5
100,72,2018-10-20,1,1,2018-2019,Mogi,Fortaleza B. C. / CFO,1,87.33,29.0,44.67,13.67,42.67,13.67,29.0,22.0,11.33,1.94,9.67,22.67,42.65,22.33,45.33,49.26,13.67,17.33,78.85,1.33,6.67,0.59,2.67,19.0,0.14,11.33,2.67,110.33,70.67,24.0,34.67,12.0,37.67,12.0,25.67,12.67,13.33,0.95,8.0,23.33,34.29,17.33,43.0,40.31,12.0,19.33,62.07,1.67,5.0,0.38,1.33,18.67,0.07,13.33,2.0,65.33
68,87,2018-10-22,2,1,2018-2019,Joinville / AABJ,Pinheiros,0,71.0,31.0,25.33,14.67,43.0,13.67,29.33,16.0,17.67,0.91,10.33,27.0,38.27,12.67,31.67,40.0,14.67,22.33,65.67,1.33,6.669999999999999,0.38000000000000006,1.67,18.0,0.09000000000000001,17.67,4.33,77.0,87.67,37.0,38.67,12.0,33.33,10.67,22.67,15.33,10.33,1.4799999999999998,12.33,27.67,44.580000000000005,19.33,37.0,52.25,12.0,15.33,78.26,1.0,6.0,0.58,2.33,16.67,0.14,10.33,1.0,98.0
72,60,2018-10-22,2,1,2018-2019,Paulistano,Fortaleza B. C. / CFO,1,83.5,24.0,43.0,16.5,39.5,11.5,28.0,18.5,11.5,1.61,8.0,33.0,24.24,21.5,34.0,63.24,16.5,22.0,75.0,4.0,5.5,0.48,3.0,23.0,0.13,11.5,2.0,95.5,70.67,24.0,34.67,12.0,37.67,12.0,25.67,12.67,13.33,0.9499999999999998,8.0,23.33,34.29,17.33,43.0,40.31,12.0,19.33,62.07,1.67,5.0,0.38000000000000006,1.33,18.67,0.07,13.33,2.0,65.33
62,71,2018-10-22,2,1,2018-2019,Coop/São José Basketball,Minas,0,89.0,31.5,40.0,17.5,33.5,6.0,27.5,21.5,14.5,1.48,10.5,23.5,44.68,20.0,34.5,57.97,17.5,23.0,76.09,0.0,7.0,0.48,1.5,23.0,0.07,14.5,3.0,104.5,0.0,0.0,0.0,0.0,0.0,0.0,0.0,0.0,0.0,0.0,0.0,0.0,0.0,0.0,0.0,0.0,0.0,0.0,0.0,0.0,0.0,0.0,0.0,0.0,0.0,0.0,0.0,0.0
76,80,2018-10-23,2,1,2018-2019,Bauru Basket,R10 Score Vasco da Gama,0,81.0,30.0,38.0,13.0,29.0,10.0,19.0,23.0,15.0,1.53,10.0,24.0,41.67,19.0,34.0,55.88,13.0,20.0,65.0,0.0,10.0,0.67,2.0,21.0,0.1,15.0,3.0,94.0,71.5,19.5,39.0,13.0,43.5,12.0,31.5,17.0,13.5,1.26,6.5,25.0,26.0,19.5,41.5,46.99,13.0,21.5,60.47,1.5,5.5,0.41,2.5,19.0,0.13,13.5,3.0,77.5
81,76,2018-10-24,2,1,2018-2019,Paulistano,Minas,1,81.16666666666667,26.0,40.666666666666664,14.5,38.833333333333336,10.5,28.333333333333332,17.0,12.0,1.4333333333333336,8.666666666666666,31.666666666666668,27.653333333333332,20.333333333333332,33.666666666666664,60.343333333333334,14.5,19.333333333333332,75.0,3.0,6.333333333333333,0.5266666666666667,3.0,22.0,0.1366666666666667,12.0,1.8333333333333333,93.16666666666667,73.5,22.5,34.0,17.0,38.0,9.0,29.0,18.5,18.5,1.0,7.5,25.5,29.41,17.0,32.0,53.13,17.0,23.0,73.91,2.0,7.5,0.41,2.5,21.5,0.12,18.5,3.5,82.5
91,79,2018-10-24,2,1,2018-2019,Corinthians,Brasília,1,81.5,18.0,45.0,18.5,35.0,11.5,23.5,12.5,8.5,1.47,6.0,20.5,29.27,22.5,47.5,47.37,18.5,22.5,82.22,1.5,6.0,0.71,1.5,26.5,0.06,8.5,1.0,84.5,72.5,30.0,29.0,13.5,37.5,8.5,29.0,16.0,14.5,1.1,10.0,29.5,33.9,14.5,38.0,38.16,13.5,15.5,87.1,1.0,6.0,0.41,3.0,22.0,0.14,14.5,2.5,75.5
82,63,2018-10-25,2,1,2018-2019,Bauru Basket,Botafogo,1,78.33500000000001,30.5,35.0,12.835,31.835,8.335,23.5,20.665,13.5,1.53,10.165,25.0,40.705,17.5,32.0,54.605000000000004,12.835,19.335,66.43,0.335,8.0,0.585,1.5,20.0,0.07500000000000001,13.5,2.335,91.0,69.5,18.0,43.0,8.5,33.5,8.5,25.0,14.0,14.0,1.0,6.0,20.5,29.27,21.5,37.0,58.11,8.5,13.0,65.38,1.5,7.0,0.5,3.0,21.5,0.14,14.0,4.0,78.5
101,75,2018-10-25,2,1,2018-2019,Sesi Franca,R10 Score Vasco da Gama,1,78.5,25.5,34.0,19.0,35.5,9.5,26.0,15.0,11.0,1.36,8.5,30.5,27.87,17.0,30.0,56.67,19.0,23.5,80.85,1.0,5.5,0.5,1.5,19.5,0.08,11.0,0.5,85.5,73.5,22.5,39.0,12.0,39.666666666666664,11.5,28.166666666666668,17.166666666666668,13.0,1.3266666666666667,7.5,24.666666666666668,30.526666666666667,19.5,41.333333333333336,47.18000000000001,12.0,19.333333333333332,62.53666666666667,1.3333333333333333,6.833333333333333,0.5366666666666666,2.1666666666666665,18.5,0.11666666666666665,13.0,3.0,80.0
76,85,2018-10-26,2,1,2018-2019,Pinheiros,Corinthians,0,86.1275,36.375,38.7525,11.0,32.2475,9.5025,22.7525,14.4975,10.3725,1.3949999999999998,12.1225,28.7525,42.42,19.3725,35.125,55.7125,11.0,14.3725,76.0875,1.0,6.625,0.6375,1.9975,16.5025,0.12000000000000001,10.3725,1.125,95.375,83.66666666666667,20.5,45.666666666666664,17.5,34.0,10.833333333333334,23.166666666666668,15.333333333333334,10.0,1.5200000000000002,6.833333333333333,20.0,34.42666666666667,22.833333333333332,45.0,51.163333333333334,17.5,22.0,79.41666666666667,1.3333333333333333,6.0,0.6266666666666666,1.5,26.5,0.06,10.0,1.3333333333333333,90.66666666666667
97,82,2018-10-26,2,1,2018-2019,Mogi,Brasília,1,87.33,29.0,44.669999999999995,13.67,42.669999999999995,13.67,29.0,22.0,11.33,1.9400000000000002,9.67,22.67,42.65,22.33,45.330000000000005,49.26,13.67,17.33,78.85,1.33,6.669999999999999,0.59,2.67,19.0,0.14,11.33,2.67,110.33,75.16666666666667,26.5,32.0,16.666666666666668,36.166666666666664,10.0,26.166666666666668,15.166666666666666,15.166666666666666,1.0066666666666666,8.833333333333334,26.333333333333332,33.43333333333333,16.0,38.166666666666664,41.88999999999999,16.666666666666668,20.5,83.20333333333333,0.8333333333333334,5.833333333333333,0.3833333333333333,3.0,23.0,0.13333333333333333,15.166666666666666,2.0,76.66666666666667
69,70,2018-10-27,2,1,2018-2019,Bauru Basket,Sesi Franca,0,77.44666666666667,30.666666666666668,34.0,12.780000000000001,32.78,7.780000000000001,25.0,19.886666666666667,13.0,1.53,10.219999999999999,25.333333333333332,40.38333333333333,17.0,31.333333333333332,54.18000000000001,12.780000000000001,19.113333333333333,66.90666666666668,0.4466666666666667,7.333333333333333,0.5566666666666666,1.3333333333333333,19.666666666666668,0.06666666666666667,13.0,2.1133333333333333,90.0,80.83333333333333,31.0,34.666666666666664,15.166666666666666,37.0,9.833333333333334,27.166666666666668,17.333333333333332,11.833333333333334,1.45,10.333333333333334,31.833333333333332,32.10666666666666,17.333333333333332,30.333333333333332,57.13333333333333,15.166666666666666,19.0,78.89999999999999,1.6666666666666667,5.666666666666667,0.48,1.5,19.5,0.08,11.833333333333334,0.8333333333333334,92.16666666666667
85,73,2018-10-29,3,1,2018-2019,Minas,Joinville / AABJ,1,73.5,22.5,34.0,17.0,38.0,9.0,29.0,18.5,18.5,1.0,7.5,25.5,29.41,17.0,32.0,53.13,17.0,23.0,73.91,2.0,7.5,0.41,2.5,21.5,0.12,18.5,3.5,82.5,70.25,29.25,27.4975,13.5025,39.25,11.7525,27.4975,15.5,17.0025,0.915,9.7475,27.25,35.845,13.7525,30.5025,45.74,13.5025,20.2475,67.11,1.4975,6.7524999999999995,0.4025,1.2525,16.75,0.0675,17.0025,3.4975,74.75
77,74,2018-10-30,3,1,2018-2019,Botafogo,Paulistano,1,67.33333333333333,17.0,42.666666666666664,7.666666666666667,33.0,8.0,25.0,13.0,14.0,0.93,5.666666666666667,21.0,27.09,21.333333333333332,37.666666666666664,56.69,7.666666666666667,12.333333333333334,61.77,2.0,7.0,0.5,2.3333333333333335,22.0,0.10666666666666667,14.0,3.0,72.33333333333333,80.0,27.0,39.5,13.5,38.5,10.0,28.5,16.25,12.25,1.3450000000000002,9.0,31.0,29.36,19.75,33.5,58.894999999999996,13.5,18.0,75.0,2.5,6.75,0.55,3.0,21.5,0.14,12.25,1.75,92.0
93,73,2018-10-30,3,1,2018-2019,Flamengo,Mogi,1,81.0,27.0,39.33,14.67,49.330000000000005,17.67,31.67,17.33,11.0,1.58,9.0,29.67,30.34,19.67,44.0,44.70000000000001,14.67,20.33,72.13,1.0,6.330000000000001,0.58,2.0,18.67,0.11,11.0,1.33,94.33,89.7475,29.25,44.5025,16.002499999999998,42.7525,13.5025,29.25,21.25,11.9975,1.7950000000000002,9.7525,22.7525,42.857499999999995,22.2475,44.4975,50.04,16.002499999999998,20.4975,78.30499999999999,1.4975,6.7524999999999995,0.5675,3.5025,21.0,0.16,11.9975,2.5025,112.2475
93,65,2018-10-31,3,1,2018-2019,Minas,R10 Score Vasco da Gama,1,78.0,26.666666666666668,34.89,16.44333333333333,38.223333333333336,8.776666666666666,29.44333333333333,18.666666666666668,16.333333333333332,1.1933333333333334,8.89,26.333333333333332,33.49666666666667,17.44333333333333,32.556666666666665,53.57333333333333,16.44333333333333,22.11,74.41,1.89,7.223333333333334,0.45999999999999996,2.6666666666666665,20.666666666666668,0.13333333333333333,16.333333333333332,2.776666666666667,90.22333333333334,74.5,24.0,39.0,11.5,37.75,11.25,26.5,17.25,12.75,1.3599999999999999,8.0,24.5,32.79,19.5,41.25,47.275000000000006,11.5,18.25,63.57000000000001,1.25,7.5,0.6,2.0,18.25,0.10999999999999999,12.75,3.0,81.25
82,91,2018-10-31,3,1,2018-2019,Fortaleza B. C. / CFO,Sesi Franca,0,68.0025,21.0,35.0025,12.0,39.2525,13.5,25.7525,11.5025,13.9975,0.8374999999999999,7.0,22.9975,30.262500000000003,17.4975,43.5,40.2325,12.0,17.9975,67.98,1.7525,6.5,0.4575,1.9975,17.7525,0.12000000000000001,13.9975,2.0,64.9975,82.0,33.75,35.0,13.25,37.75,10.0,27.75,18.5,12.25,1.4949999999999999,11.25,32.5,34.224999999999994,17.5,30.5,57.365,13.25,16.75,77.925,2.0,5.75,0.47,1.5,19.5,0.08,12.25,1.0,95.5
105,113,2018-10-31,3,1,2018-2019,Brasília,Bauru Basket,0,76.5,24.75,33.5,18.25,35.5,10.75,24.75,14.75,15.5,0.96,8.25,24.75,33.2,16.75,38.25,43.754999999999995,18.25,23.0,81.255,0.75,5.75,0.37,3.0,23.5,0.13,15.5,1.75,77.25,77.00250000000001,30.75,33.5,12.752500000000001,33.2525,7.502500000000001,25.75,19.4975,12.75,1.53,10.247499999999999,25.5,40.222500000000004,16.75,31.0,53.9675,12.752500000000001,19.0025,67.14500000000001,0.5025000000000001,7.0,0.5425,1.25,19.5,0.0625,12.75,2.0025,89.5
72,98,2018-11-01,3,1,2018-2019,Joinville / AABJ,Corinthians,0,70.7,29.4,27.798000000000002,13.501999999999999,37.4,11.402,25.998,15.0,16.202,0.932,9.798,27.1,36.224000000000004,13.901999999999997,31.201999999999998,45.122,13.501999999999999,20.398,66.546,1.3980000000000001,7.202,0.45999999999999996,1.202,16.9,0.066,16.202,3.098,73.6,84.75,21.75,46.0,17.0,33.5,10.5,23.0,16.75,10.75,1.5450000000000002,7.25,19.75,37.005,23.0,43.75,53.06,17.0,21.75,78.015,1.25,6.0,0.585,1.5,26.5,0.06,10.75,1.5,93.75
90,86,2018-11-01,3,1,2018-2019,Botafogo,Mogi,1,71.375,21.0,41.0,9.375,36.0,9.625,26.375,15.5,13.125,1.245,7.0,22.25,30.895,20.5,39.5,52.5175,9.375,13.5,67.65,2.25,6.375,0.4825,2.5,22.0,0.115,13.125,2.75,80.0,87.69800000000001,28.8,43.602,15.301999999999998,41.102,12.901999999999997,28.2,20.9,12.898000000000001,1.6720000000000002,9.602,22.902,41.94599999999999,21.798,42.998000000000005,50.842,15.301999999999998,20.098,76.15799999999999,1.3980000000000001,7.002,0.55,3.102,20.0,0.146,12.898000000000001,2.602,107.598
61,74,2018-11-01,3,1,2018-2019,Flamengo,Pinheiros,0,79.5825,26.25,39.9975,13.334999999999999,46.7475,16.5025,30.2525,17.7475,12.5,1.465,8.75,28.085,31.3275,20.0025,44.082499999999996,45.36750000000001,13.334999999999999,18.4975,72.045,1.0,6.83,0.5574999999999999,1.9175,19.085,0.10250000000000001,12.5,1.7475,91.7475,85.202,36.0,38.802,10.4,31.598000000000003,8.802,22.802,13.998000000000001,10.398,1.3439999999999999,11.998000000000001,29.401999999999997,41.124,19.398,34.0,57.79,10.4,13.798000000000002,74.784,1.0,7.0,0.6719999999999999,1.798,16.402,0.10800000000000001,10.398,1.2,93.8
73,101,2018-11-02,3,1,2018-2019,Brasília,Sesi Franca,0,79.0,26.7,34.0,18.3,36.2,11.4,24.8,15.1,14.8,1.044,8.9,27.1,32.862,17.0,37.9,44.867999999999995,18.3,23.7,78.966,0.8,5.6,0.38,3.0,24.4,0.126,14.8,1.9,79.6,84.8,34.8,35.8,14.2,36.7,9.4,27.3,18.6,11.9,1.5579999999999998,11.6,31.6,36.666,17.9,30.8,58.08,14.2,17.4,80.34,2.3,5.7,0.48,1.6,18.8,0.09,11.9,1.1,99.4
82,73,2018-11-02,3,1,2018-2019,Fortaleza B. C. / CFO,Bauru Basket,1,70.80199999999999,22.8,37.001999999999995,11.0,38.302,12.9,25.402,12.302,13.198000000000002,0.9799999999999999,7.6,24.198,31.106,18.497999999999998,41.9,44.862,11.0,16.698,66.558,2.102,6.4,0.48600000000000004,1.8980000000000001,18.102,0.11200000000000002,13.198000000000002,2.1,70.598,80.20200000000001,30.3,35.4,14.502,34.602,8.102,26.5,18.598,12.7,1.464,10.097999999999999,25.0,40.438,17.7,33.1,53.536,14.502,20.902,68.804,0.6020000000000001,6.1,0.47400000000000003,1.3,20.3,0.062,12.7,2.502,91.4
60,76,2018-11-02,3,1,2018-2019,R10 Score Vasco da Gama,Paulistano,0,72.1,22.8,37.0,12.3,38.0,10.9,27.1,16.8,13.2,1.2879999999999998,7.6,24.6,31.032,18.5,40.2,45.876000000000005,12.3,19.8,62.78000000000001,1.3,7.1,0.554,1.8,19.2,0.09599999999999999,13.2,2.7,76.4,79.0,25.5,38.6,14.9,40.5,10.9,29.6,15.5,12.6,1.254,8.5,31.1,27.613999999999997,19.3,34.3,56.45,14.9,19.9,74.91,2.5,7.1,0.562,2.5,21.7,0.11600000000000002,12.6,1.8,89.3
72,64,2018-11-03,3,1,2018-2019,Flamengo,Corinthians,1,78.732,25.8,40.398,12.533999999999999,45.198,15.802000000000001,29.401999999999997,17.997999999999998,13.4,1.3960000000000001,8.6,27.134000000000004,31.919999999999998,20.202,44.13199999999999,45.76800000000001,12.533999999999999,17.398,71.994,1.0,7.13,0.5439999999999999,1.8679999999999999,19.334,0.098,13.4,1.998,90.19800000000001,84.0,22.5,45.0,16.5,34.4,10.3,24.1,16.3,11.7,1.4240000000000002,7.5,20.9,36.27,22.5,42.5,53.382000000000005,16.5,20.7,79.988,1.3,6.4,0.572,1.7,26.3,0.06799999999999999,11.7,1.5,93.4
83,79,2018-11-03,3,1,2018-2019,Minas,Pinheiros,1,80.25,28.75,35.335,16.165,38.335,8.665,29.665,18.75,15.25,1.29,9.585,26.75,35.540000000000006,17.665,32.835,53.795,16.165,21.665,74.66,1.835,7.085000000000001,0.485,2.75,20.25,0.14,15.25,2.415,94.08500000000001,83.75166666666667,34.75,38.16833333333333,10.833333333333334,31.831666666666667,9.001666666666667,22.834999999999997,14.331666666666669,10.748333333333335,1.3333333333333333,11.581666666666669,29.084999999999997,40.028333333333336,19.081666666666667,34.083333333333336,56.61166666666666,10.833333333333334,14.331666666666669,75.065,1.0833333333333333,7.083333333333333,0.66,2.165,17.168333333333333,0.12166666666666666,10.748333333333335,1.5,92.33333333333333
74,96,2018-11-05,4,1,2018-2019,Coop/São José Basketball,Mogi,0,80.0,27.0,36.0,17.0,36.666666666666664,10.666666666666666,26.0,20.0,16.0,1.2833333333333334,9.0,26.333333333333332,36.03666666666667,18.0,35.333333333333336,51.26,17.0,22.0,77.39333333333333,0.3333333333333333,7.333333333333333,0.45999999999999996,2.0,23.333333333333332,0.09000000000000001,16.0,2.6666666666666665,89.66666666666667,86.33166666666666,28.5,43.001666666666665,14.834999999999999,40.001666666666665,12.501666666666665,27.5,20.666666666666668,13.498333333333335,1.59,9.501666666666667,23.001666666666665,41.33833333333333,21.498333333333335,41.998333333333335,51.376666666666665,14.834999999999999,19.831666666666667,74.72666666666666,1.3316666666666668,7.168333333333333,0.5383333333333333,2.8349999999999995,19.333333333333332,0.13666666666666666,13.498333333333335,2.668333333333333,104.49833333333333
47,77,2018-11-06,4,1,2018-2019,Bauru Basket,Flamengo,0,82.33500000000001,30.0,36.666666666666664,15.668333333333335,35.501666666666665,8.501666666666667,27.0,17.99833333333333,12.666666666666666,1.42,9.998333333333333,24.666666666666668,40.58166666666667,18.333333333333332,34.5,53.248333333333335,15.668333333333335,22.168333333333333,69.91000000000001,0.6683333333333333,5.5,0.4283333333333334,1.3333333333333333,20.833333333333332,0.06166666666666667,12.666666666666666,2.8349999999999995,92.66666666666667,78.16499999999999,25.5,40.665,12.0,44.165,15.335,28.834999999999997,18.165,14.0,1.3500000000000003,8.5,26.5,32.315,20.335,44.16499999999999,46.035000000000004,12.0,16.665,71.96000000000001,1.0,7.329999999999999,0.535,1.835,19.5,0.09500000000000001,14.0,2.165,89.165
83,66,2018-11-06,4,1,2018-2019,Sesi Franca,Minas,1,86.66666666666667,35.5,36.333333333333336,14.833333333333334,36.0,9.0,27.0,18.666666666666668,11.666666666666666,1.5999999999999999,11.833333333333334,31.0,38.29333333333333,18.166666666666668,31.0,58.556666666666665,14.833333333333334,17.833333333333332,81.95,2.5,5.666666666666667,0.48666666666666664,1.6666666666666667,18.333333333333332,0.09666666666666668,11.666666666666666,1.1666666666666667,102.0,81.6,30.0,35.602,15.998,38.402,8.597999999999999,29.798000000000002,18.8,14.6,1.348,10.002,27.0,36.766000000000005,17.798,33.001999999999995,53.928,15.998,21.398,74.80999999999999,1.802,7.002000000000001,0.5,2.8,20.0,0.14400000000000002,14.6,2.198,96.40200000000002
72,69,2018-11-07,4,1,2018-2019,Joinville / AABJ,Fortaleza B. C. / CFO,1,71.0,29.5,27.998333333333335,13.501666666666665,36.166666666666664,11.168333333333331,24.998333333333335,14.666666666666666,15.668333333333335,0.9433333333333334,9.831666666666667,27.0,36.47666666666667,14.001666666666665,31.668333333333333,44.71,13.501666666666665,20.49833333333333,66.17,1.3316666666666668,7.501666666666666,0.4983333333333333,1.1683333333333332,17.0,0.065,15.668333333333335,2.831666666666667,72.83333333333333,72.66833333333334,24.0,38.335,10.333333333333334,37.66833333333333,12.5,25.168333333333333,12.834999999999999,12.665000000000001,1.075,8.0,24.998333333333335,31.668333333333333,19.165,40.833333333333336,47.94833333333333,10.333333333333334,15.831666666666665,65.61,2.335,6.333333333333333,0.505,1.8316666666666668,18.335,0.10666666666666667,12.665000000000001,2.1666666666666665,74.33166666666666
71,82,2018-11-07,4,1,2018-2019,Pinheiros,Paulistano,0,82.71571428571428,33.857142857142854,37.715714285714284,11.142857142857142,31.99857142857143,9.144285714285713,22.858571428571427,14.570000000000002,10.998571428571429,1.3257142857142856,11.284285714285716,28.858571428571427,39.24571428571429,18.85571428571429,34.142857142857146,55.769999999999996,11.142857142857142,14.712857142857144,75.26571428571428,1.1428571428571428,7.142857142857143,0.6514285714285714,2.4271428571428575,17.715714285714288,0.13142857142857142,10.998571428571429,1.7142857142857142,91.28571428571429,78.33333333333333,24.5,38.0,15.833333333333334,41.833333333333336,11.5,30.333333333333332,15.0,12.833333333333334,1.1933333333333334,8.166666666666666,31.166666666666668,26.45,19.0,34.833333333333336,54.82,15.833333333333334,21.166666666666668,74.85000000000001,2.5,7.333333333333333,0.57,2.1666666666666665,21.833333333333332,0.10000000000000002,12.833333333333334,1.8333333333333333,87.5
81,68,2018-11-08,4,1,2018-2019,Bauru Basket,Minas,1,79.66857142857144,29.142857142857142,35.42857142857143,15.097142857142858,36.04857142857143,8.382857142857144,27.66714285714286,17.617142857142856,12.904285714285715,1.3699999999999999,9.712857142857143,25.189999999999998,38.81857142857143,17.714285714285715,34.23857142857143,51.76428571428572,15.097142857142858,21.19142857142857,70.79285714285716,0.8114285714285714,5.524285714285715,0.4242857142857143,1.4285714285714286,21.047142857142855,0.06571428571428571,12.904285714285715,2.858571428571428,89.28571428571429,79.16666666666667,28.0,36.335,14.831666666666665,37.41833333333333,8.581666666666665,28.831666666666667,17.5,14.0,1.29,9.335,26.25,35.08333333333334,18.165,34.41833333333333,52.971666666666664,14.831666666666665,20.24833333333333,72.68666666666665,1.835,6.918333333333334,0.515,2.5833333333333335,20.166666666666668,0.13166666666666668,14.0,1.915,91.00166666666667
84,77,2018-11-08,4,1,2018-2019,Sesi Franca,Flamengo,1,86.21428571428571,34.285714285714285,37.0,14.928571428571429,35.857142857142854,8.428571428571429,27.428571428571427,18.714285714285715,11.5,1.6300000000000001,11.428571428571429,30.428571428571427,37.58428571428571,18.5,31.142857142857142,59.34285714285714,14.928571428571429,18.0,81.89714285714285,2.5,5.714285714285714,0.49857142857142855,1.9285714285714286,18.071428571428573,0.11285714285714286,11.5,1.2857142857142858,102.21428571428571,78.61714285714285,26.142857142857142,40.47428571428571,12.0,44.33142857142857,14.954285714285716,29.382857142857144,18.237142857142857,14.0,1.3471428571428574,8.714285714285714,26.952857142857145,32.51428571428571,20.240000000000002,42.998571428571424,47.26285714285715,12.0,16.38,73.36857142857143,1.0,7.235714285714286,0.5271428571428571,1.8114285714285714,19.524285714285718,0.09285714285714286,14.0,2.1885714285714286,90.80857142857143
86,71,2018-11-09,4,1,2018-2019,Botafogo,Corinthians,1,73.8,23.4,40.0,10.4,37.8,10.6,27.2,17.0,12.6,1.434,7.8,23.0,33.178,20.0,40.6,50.013999999999996,10.4,14.2,71.17800000000001,2.4,6.0,0.472,2.6,22.0,0.12000000000000002,12.6,2.6,84.6,83.5,23.0,44.333333333333336,16.166666666666668,35.0,10.166666666666666,24.833333333333332,16.0,12.333333333333334,1.3433333333333335,7.666666666666667,21.666666666666668,35.78,22.166666666666668,41.666666666666664,53.59666666666667,16.166666666666668,20.0,81.30333333333333,1.3333333333333333,6.666666666666667,0.5633333333333334,1.8333333333333333,26.166666666666668,0.07333333333333332,12.333333333333334,1.5,93.16666666666667
90,70,2018-11-10,4,1,2018-2019,Flamengo,R10 Score Vasco da Gama,1,78.95625,26.625,40.33125,12.0,44.45625,14.668750000000001,29.793750000000003,18.291249999999998,14.0,1.3450000000000002,8.875,27.292500000000004,32.66375,20.168750000000003,42.123749999999994,48.18375,12.0,16.166249999999998,74.42500000000001,1.0,7.165,0.52125,1.79375,19.542500000000004,0.09125,14.0,2.20625,92.04124999999999,70.5,22.0,35.666666666666664,12.833333333333334,38.166666666666664,10.666666666666666,27.5,16.5,13.5,1.24,7.333333333333333,24.666666666666668,29.86,17.833333333333332,39.5,44.943333333333335,12.833333333333334,20.833333333333332,62.25333333333334,1.3333333333333333,6.833333333333333,0.5233333333333333,1.6666666666666667,19.833333333333332,0.08666666666666666,13.5,2.5,73.16666666666667
63,75,2018-11-10,4,1,2018-2019,Bauru Basket,Coop/São José Basketball,0,77.66875,28.5,34.5,14.668750000000001,36.458749999999995,8.293750000000001,28.167500000000004,17.33125,13.0825,1.3325,9.49875,25.582499999999996,37.49625,17.25,34.042500000000004,50.651250000000005,14.668750000000001,20.458750000000002,71.45500000000001,0.91875,5.5425,0.42125,1.5,21.207499999999996,0.06874999999999999,13.0825,2.8762499999999998,86.75,78.625,27.0,35.0,16.625,36.375,9.625,26.75,19.0,15.125,1.2825,9.0,27.875,33.95,17.5,34.75,50.565,16.625,22.25,74.8925,0.75,7.875,0.5349999999999999,2.125,23.25,0.095,15.125,3.125,86.625
88,86,2018-11-10,4,1,2018-2019,Pinheiros,Fortaleza B. C. / CFO,1,82.31375,33.0,37.12625,12.1875,32.99875,9.813749999999999,23.18875,14.498750000000001,11.123750000000001,1.30625,10.998750000000001,28.87625,38.21875,18.56125,34.875,53.955,12.1875,15.811250000000001,76.23,1.125,7.0625,0.6375,2.1237500000000002,17.81375,0.11499999999999999,11.123750000000001,1.75,89.9375,73.35857142857142,24.214285714285715,38.715714285714284,10.428571428571429,38.43,12.357142857142858,26.072857142857142,13.001428571428571,13.570000000000002,1.0271428571428571,8.071428571428571,24.784285714285716,32.31142857142857,19.35571428571429,41.0,48.07142857142857,10.428571428571429,15.712857142857143,66.71285714285715,2.358571428571428,6.214285714285714,0.4742857142857143,2.1414285714285715,18.858571428571427,0.11714285714285715,13.570000000000002,2.7857142857142856,75.78428571428572
57,55,2018-11-12,5,1,2018-2019,Corinthians,Fortaleza B. C. / CFO,1,81.71428571428571,21.857142857142858,43.142857142857146,16.714285714285715,32.714285714285715,9.571428571428571,23.142857142857142,16.142857142857142,13.285714285714286,1.2785714285714287,7.285714285714286,20.857142857142858,35.13285714285714,21.571428571428573,41.42857142857143,52.368571428571435,16.714285714285715,20.428571428571427,82.11142857142856,1.5714285714285714,7.571428571428571,0.58,1.5714285714285714,25.285714285714285,0.06285714285714285,13.285714285714286,1.2857142857142858,89.14285714285714,73.87625,24.375,39.00125,10.5,39.00125,12.25,26.75125,13.126249999999999,14.248750000000001,0.99125,8.125,24.62375,32.79375,19.49875,41.125,48.16375,10.5,15.62375,67.54,2.3762499999999998,6.125,0.45125000000000004,2.3737500000000002,19.25125,0.125,14.248750000000001,3.25,76.87375
89,56,2018-11-13,5,1,2018-2019,Joinville / AABJ,Bauru Basket,1,71.14285714285714,28.714285714285715,29.427142857142858,13.001428571428571,37.0,11.572857142857142,25.427142857142858,14.714285714285714,14.430000000000001,1.1142857142857143,9.570000000000002,27.285714285714285,35.20714285714286,14.715714285714284,32.85857142857143,45.10857142857143,13.001428571428571,20.284285714285716,64.2357142857143,1.4271428571428573,7.43,0.57,1.7157142857142857,17.285714285714285,0.09285714285714286,14.430000000000001,2.712857142857143,74.28571428571429,76.11333333333333,28.0,33.77777777777778,14.335555555555556,36.77777777777777,8.224444444444446,28.556666666666672,17.10888888888889,13.22111111111111,1.3033333333333335,9.33222222222222,25.88777777777777,36.46777777777778,16.88888888888889,33.89000000000001,49.78555555555556,14.335555555555556,19.888888888888893,71.97000000000001,1.0022222222222221,5.5566666666666675,0.41888888888888887,1.5555555555555556,21.332222222222217,0.0711111111111111,13.22111111111111,2.8899999999999997,84.77777777777777
97,99,2018-11-13,5,1,2018-2019,Minas,Mogi,0,77.42857142857143,26.571428571428573,36.85857142857143,13.998571428571427,36.715714285714284,8.569999999999999,28.141428571428573,16.571428571428573,13.571428571428571,1.2485714285714287,8.858571428571429,25.714285714285715,33.88142857142858,18.427142857142858,35.43,52.28857142857142,13.998571428571427,19.427142857142858,71.16999999999999,1.8585714285714285,6.858571428571429,0.5257142857142857,2.4285714285714284,20.285714285714285,0.12285714285714287,13.571428571428571,1.7128571428571429,87.14428571428572,87.71285714285715,29.571428571428573,42.287142857142854,15.858571428571427,40.57285714285714,11.572857142857142,29.0,20.571428571428573,14.141428571428573,1.5214285714285716,9.858571428571427,23.43,42.02571428571428,21.141428571428573,40.57,52.519999999999996,15.858571428571427,21.427142857142858,74.18999999999998,1.4271428571428573,6.8585714285714285,0.5014285714285714,3.287142857142857,19.142857142857142,0.16428571428571428,14.141428571428573,2.7157142857142853,106.28428571428572
57,64,2018-11-14,5,1,2018-2019,Coop/São José Basketball,Flamengo,0,77.8,27.0,34.4,16.4,36.2,9.0,27.2,18.4,14.6,1.282,9.0,28.8,32.698,17.2,34.4,50.147999999999996,16.4,22.4,73.392,1.0,8.2,0.5799999999999998,2.2,23.2,0.098,14.6,3.4,84.8,79.22,27.0,40.22,12.0,44.55333333333333,14.446666666666667,30.113333333333337,18.333333333333332,14.0,1.3433333333333335,9.0,27.556666666666672,32.78,20.113333333333337,41.44333333333333,48.900000000000006,12.0,15.999999999999996,75.24666666666667,1.0,7.11,0.5166666666666667,1.78,19.556666666666672,0.09,14.0,2.2199999999999998,92.99999999999999
82,64,2018-11-14,5,1,2018-2019,Brasília,Botafogo,1,80.66666666666667,28.0,34.333333333333336,18.333333333333332,36.666666666666664,11.833333333333334,24.833333333333332,15.333333333333334,14.333333333333334,1.0999999999999999,9.333333333333334,28.666666666666668,32.63666666666666,17.166666666666668,37.666666666666664,45.60999999999999,18.333333333333332,24.166666666666668,77.44,0.8333333333333334,5.5,0.38666666666666666,3.0,25.0,0.12333333333333334,14.333333333333334,2.0,81.16666666666667,75.83333333333333,24.0,41.333333333333336,10.5,38.333333333333336,10.833333333333334,27.5,17.666666666666668,14.5,1.3416666666666668,8.0,22.333333333333332,35.54333333333333,20.666666666666668,40.333333333333336,51.935,10.5,14.333333333333334,71.53666666666668,2.3333333333333335,7.0,0.4766666666666666,2.5,21.833333333333332,0.11666666666666668,14.5,2.8333333333333335,88.66666666666667
73,67,2018-11-15,5,1,2018-2019,Mogi,Bauru Basket,1,87.62375,29.0,42.50125,16.12625,39.585,11.167499999999999,28.416249999999998,20.458750000000002,13.915000000000001,1.53,9.667499999999999,23.46,41.17374999999999,21.24875,40.24875,53.19125,16.12625,21.707500000000003,74.42374999999998,1.415,7.1674999999999995,0.53375,3.21,19.416249999999998,0.15999999999999998,13.915000000000001,2.6674999999999995,105.7075,74.652,27.0,33.1,14.552000000000001,36.699999999999996,8.502,28.201000000000004,16.648000000000003,13.649000000000001,1.2440000000000002,8.998999999999999,25.498999999999995,35.548,16.55,33.601000000000006,49.162000000000006,14.552000000000001,20.000000000000004,72.63000000000002,0.952,5.4510000000000005,0.403,1.55,20.998999999999995,0.07199999999999998,13.649000000000001,2.9509999999999996,82.3
65,54,2018-11-16,5,1,2018-2019,Fortaleza B. C. / CFO,Botafogo,1,72.33444444444444,23.333333333333332,38.556666666666665,10.444444444444445,39.16777777777778,12.5,26.667777777777776,12.723333333333333,14.49888888888889,0.9455555555555555,7.777777777777778,23.99888888888889,32.074444444444445,19.276666666666667,40.72222222222222,47.99777777777778,10.444444444444445,15.832222222222223,66.38444444444445,2.1677777777777774,6.444444444444445,0.46222222222222226,2.3322222222222226,19.223333333333333,0.12333333333333335,14.49888888888889,3.388888888888889,75.33222222222223,73.42857142857143,22.928571428571427,39.57142857142857,10.928571428571429,37.0,10.357142857142858,26.642857142857142,16.714285714285715,14.785714285714286,1.2457142857142858,7.642857142857143,21.571428571428573,35.08714285714286,19.785714285714285,39.5,50.519999999999996,10.928571428571429,15.071428571428571,71.20714285714287,2.142857142857143,7.285714285714286,0.48714285714285716,2.2142857142857144,22.285714285714285,0.10285714285714287,14.785714285714286,2.857142857142857,83.78571428571429
97,84,2018-11-16,5,1,2018-2019,Paulistano,Flamengo,1,78.85714285714286,25.714285714285715,37.142857142857146,16.0,41.142857142857146,11.285714285714286,29.857142857142858,15.714285714285714,12.428571428571429,1.3085714285714285,8.571428571428571,30.857142857142858,28.09,18.571428571428573,34.57142857142857,53.91428571428572,16.0,21.285714285714285,75.19571428571429,2.2857142857142856,7.0,0.5599999999999999,2.0,22.142857142857142,0.09142857142857144,12.428571428571429,1.8571428571428572,88.57142857142857,78.69800000000001,26.25,39.897999999999996,12.55,43.748,14.152000000000001,29.602000000000004,17.95,13.45,1.3800000000000001,8.75,28.101000000000006,31.471999999999998,19.952000000000005,40.898999999999994,49.149,12.55,16.549999999999997,75.862,0.95,7.449000000000001,0.5890000000000001,1.652,19.551000000000005,0.08399999999999999,13.45,2.0479999999999996,91.64999999999999
78,68,2018-11-17,5,1,2018-2019,R10 Score Vasco da Gama,Corinthians,1,70.42857142857143,21.0,35.714285714285715,13.714285714285714,37.285714285714285,10.857142857142858,26.428571428571427,16.571428571428573,13.714285714285714,1.2242857142857144,7.0,24.857142857142858,28.34142857142857,17.857142857142858,39.42857142857143,45.11571428571428,13.714285714285714,21.571428571428573,63.800000000000004,1.1428571428571428,6.714285714285714,0.5057142857142857,1.5714285714285714,18.857142857142858,0.0857142857142857,13.714285714285714,2.2857142857142856,71.57142857142857,79.3125,21.0,42.5,15.8125,33.8125,10.25,23.5625,16.0625,13.6875,1.23625,7.0,20.6875,33.94625,21.25,42.25,50.77,15.8125,19.75,79.76375,1.6875,7.3125,0.54875,1.625,24.625,0.06749999999999999,13.6875,1.5,85.6875
89,95,2018-11-19,5,1,2018-2019,Mogi,Sesi Franca,0,87.55444444444444,28.555555555555557,42.66777777777778,16.334444444444443,38.81666666666667,10.85222222222222,27.96222222222222,20.371111111111116,13.738888888888889,1.5366666666666666,9.518888888888888,23.483333333333334,40.5111111111111,21.332222222222224,39.99888888888889,53.71333333333333,16.334444444444443,21.92555555555556,74.60555555555554,1.4055555555555557,7.407777777777778,0.5588888888888888,3.1500000000000004,19.628888888888884,0.15666666666666662,13.738888888888889,2.6299999999999994,105.25888888888888,85.875,33.375,37.5,15.0,35.75,8.0,27.75,18.75,11.375,1.6525,11.125,30.0,37.052499999999995,18.75,31.25,59.9325,15.0,18.125,81.8575,2.5,5.75,0.5075,2.125,17.875,0.125,11.375,1.375,102.375
88,82,2018-11-20,6,1,2018-2019,Paulistano,Coop/São José Basketball,1,81.125,28.875,36.0,16.25,41.375,11.125,30.25,16.125,13.25,1.27,9.625,30.75,31.6625,18.0,34.125,52.82000000000001,16.25,21.5,75.57875,2.25,6.75,0.5225,2.125,22.0,0.09750000000000002,13.25,2.0,91.625,74.33333333333333,27.0,32.333333333333336,15.0,38.0,9.833333333333334,28.166666666666668,17.5,15.166666666666666,1.1883333333333332,9.0,28.833333333333332,32.42,16.166666666666668,33.833333333333336,47.703333333333326,15.0,20.666666666666668,72.27166666666666,0.8333333333333334,7.666666666666667,0.5299999999999999,2.1666666666666665,23.166666666666668,0.09666666666666666,15.166666666666666,3.3333333333333335,81.0
79,61,2018-11-21,6,1,2018-2019,Pinheiros,Brasília,1,82.00111111111111,32.333333333333336,36.66777777777778,13.0,33.77666666666667,10.334444444444443,23.445555555555554,14.443333333333335,11.221111111111112,1.291111111111111,10.776666666666667,28.89,37.419999999999995,18.332222222222224,35.44444444444444,52.54333333333333,13.0,16.665555555555557,76.98,1.1111111111111112,7.0,0.6266666666666666,1.887777777777778,17.89,0.10222222222222221,11.221111111111112,1.7777777777777777,88.88888888888889,80.85714285714286,30.428571428571427,32.857142857142854,17.571428571428573,35.285714285714285,10.714285714285714,24.571428571428573,16.142857142857142,14.142857142857142,1.1742857142857142,10.142857142857142,28.428571428571427,35.91142857142857,16.428571428571427,35.42857142857143,46.887142857142855,17.571428571428573,23.571428571428573,75.66285714285713,0.8571428571428571,5.142857142857143,0.36428571428571427,3.142857142857143,24.857142857142858,0.13,14.142857142857142,2.0,83.0
95,93,2018-11-22,6,1,2018-2019,Sesi Franca,Coop/São José Basketball,1,86.88888888888889,33.0,38.666666666666664,15.222222222222221,35.333333333333336,8.222222222222221,27.11111111111111,18.555555555555557,11.222222222222221,1.6577777777777778,11.0,30.11111111111111,36.519999999999996,19.333333333333332,32.333333333333336,59.77777777777778,15.222222222222221,18.11111111111111,83.25555555555555,2.3333333333333335,6.333333333333333,0.5733333333333334,1.8888888888888888,18.333333333333332,0.1111111111111111,11.222222222222221,1.2222222222222223,102.77777777777777,76.21428571428571,27.428571428571427,33.857142857142854,14.928571428571429,36.642857142857146,9.785714285714286,26.857142857142858,17.571428571428573,15.071428571428571,1.1957142857142855,9.142857142857142,28.357142857142858,33.39142857142857,16.928571428571427,34.07142857142857,49.54,14.928571428571429,20.0,74.89428571428572,0.8571428571428571,7.357142857142857,0.5085714285714286,2.2142857142857144,23.785714285714285,0.09571428571428571,15.071428571428571,3.142857142857143,83.14285714285714
77,84,2018-11-23,6,1,2018-2019,Joinville / AABJ,Brasília,0,73.375,31.5,29.74875,12.126249999999999,37.625,12.251249999999999,25.37375,15.25,13.50125,1.3137500000000002,10.498750000000001,28.375,36.70875,14.876249999999999,33.12625,45.183749999999996,12.126249999999999,18.87375,64.54,1.37375,7.50125,0.64125,1.75125,17.875,0.0925,13.50125,2.3737500000000002,79.0,79.8125,30.375,32.5,16.9375,35.3125,10.375,24.9375,15.875,14.1875,1.14875,10.125,28.125,36.23,16.25,35.0,46.88625,16.9375,22.625,75.97125,0.75,5.375,0.37875,2.9375,24.0,0.12375,14.1875,1.8125,82.5625
89,73,2018-11-24,6,1,2018-2019,Sesi Franca,Paulistano,1,87.4,33.6,38.5,15.3,35.0,8.2,26.8,18.3,11.2,1.637,11.2,30.15,37.129999999999995,19.25,31.85,60.527,15.3,18.35,82.73499999999999,2.35,6.05,0.548,1.85,18.35,0.10800000000000001,11.2,1.25,102.7,81.05555555555556,28.166666666666668,36.333333333333336,16.555555555555557,41.388888888888886,11.666666666666666,29.72222222222222,16.055555555555557,13.333333333333334,1.2522222222222221,9.38888888888889,30.555555555555557,31.01777777777778,18.166666666666668,34.5,52.728888888888896,16.555555555555557,22.0,75.30111111111111,2.388888888888889,6.833333333333333,0.5244444444444444,2.1666666666666665,21.666666666666668,0.10111111111111112,13.333333333333334,2.111111111111111,91.11111111111111
72,69,2018-11-25,7,1,2018-2019,Minas,Corinthians,1,79.875,27.75,37.50125,14.62375,36.25125,8.99875,27.24875,17.125,13.875,1.25625,9.25125,25.625,35.64625000000001,18.74875,36.00125,52.315,14.62375,20.37375,71.07,2.0012499999999998,6.626250000000001,0.49874999999999997,2.375,20.25,0.12000000000000001,13.875,1.74875,89.00125,77.44444444444444,20.333333333333332,42.0,15.11111111111111,34.666666666666664,10.777777777777779,23.88888888888889,16.0,14.0,1.2033333333333334,6.777777777777778,20.555555555555557,33.02333333333333,21.0,42.888888888888886,49.52666666666667,15.11111111111111,19.22222222222222,77.93777777777778,1.7777777777777777,7.111111111111111,0.5244444444444444,1.6666666666666667,24.11111111111111,0.0711111111111111,14.0,1.6666666666666667,83.0
84,74,2018-11-27,7,1,2018-2019,Botafogo,Coop/São José Basketball,1,71.625,22.125,38.25,11.25,36.0,10.0,26.0,16.0,15.0,1.17375,7.375,21.0,34.745,19.125,38.875,49.458749999999995,11.25,15.625,70.96000000000001,2.0,7.5,0.495,2.0,22.625,0.09250000000000001,15.0,2.875,80.125,77.625,27.75,35.0,14.875,35.625,9.75,25.875,17.625,15.0,1.20125,9.25,28.0,34.120000000000005,17.5,34.25,50.9175,14.875,19.5,76.86125,0.875,7.125,0.49249999999999994,2.25,24.25,0.09499999999999999,15.0,3.0,84.75
81,77,2018-11-29,7,1,2018-2019,R10 Score Vasco da Gama,Coop/São José Basketball,1,71.375,19.875,37.0,14.5,37.5,10.5,27.0,16.625,13.75,1.2225000000000001,6.625,23.75,27.92375,18.5,40.0,46.01,14.5,22.125,65.44,1.25,6.875,0.51375,1.5,19.25,0.08124999999999999,13.75,2.125,73.875,77.38888888888889,26.833333333333332,35.55555555555556,15.0,35.72222222222222,9.833333333333334,25.88888888888889,17.333333333333332,15.222222222222221,1.1655555555555557,8.944444444444445,27.944444444444443,32.955555555555556,17.77777777777778,34.22222222222222,51.79555555555555,15.0,19.72222222222222,76.58999999999999,0.8888888888888888,7.166666666666667,0.48666666666666664,2.2222222222222223,23.61111111111111,0.09666666666666665,15.222222222222221,2.7777777777777777,84.05555555555556
79,97,2018-12-01,7,1,2018-2019,R10 Score Vasco da Gama,Botafogo,0,72.33333333333333,21.333333333333332,36.77777777777778,14.222222222222221,37.05555555555556,10.444444444444445,26.61111111111111,16.666666666666668,14.11111111111111,1.1977777777777778,7.111111111111111,23.88888888888889,29.709999999999997,18.38888888888889,39.72222222222222,46.083333333333336,14.222222222222221,21.5,66.25,1.1111111111111112,7.0,0.508888888888889,1.5,19.444444444444443,0.08,14.11111111111111,2.2777777777777777,75.05555555555556,73.72222222222223,23.0,39.44444444444444,11.277777777777779,35.888888888888886,10.0,25.88888888888889,17.0,14.833333333333334,1.248888888888889,7.666666666666667,21.22222222222222,35.715555555555554,19.72222222222222,39.166666666666664,50.52333333333333,11.277777777777779,15.777777777777779,70.59222222222223,2.1666666666666665,7.722222222222222,0.5177777777777778,2.0555555555555554,22.944444444444443,0.09333333333333334,14.833333333333334,2.8333333333333335,83.83333333333333
85,77,2018-12-04,8,1,2018-2019,Minas,Botafogo,1,79.0,27.666666666666668,36.44555555555556,14.887777777777778,36.778888888888886,9.11,27.665555555555557,16.88888888888889,13.555555555555555,1.267777777777778,9.223333333333334,25.666666666666668,35.53222222222223,18.221111111111114,36.11222222222222,50.70666666666667,14.887777777777778,21.11,70.16888888888889,2.001111111111111,7.112222222222223,0.5544444444444445,2.2222222222222223,19.77777777777778,0.11333333333333334,13.555555555555555,1.5544444444444445,87.77888888888889,75.4,23.7,40.4,11.3,35.8,10.0,25.8,17.8,14.7,1.309,7.9,21.4,36.492000000000004,20.2,39.4,51.375,11.3,15.9,70.298,2.3,7.9,0.536,2.1,23.2,0.094,14.7,2.8,86.8
91,79,2018-12-04,8,1,2018-2019,Pinheiros,Sesi Franca,1,81.701,32.1,36.601,13.0,34.099000000000004,10.200999999999999,23.901,14.599,11.599,1.269,10.699000000000002,28.801,37.248999999999995,18.299,35.1,52.914,13.0,16.899,76.124,1.0,7.6,0.651,2.1990000000000003,18.000999999999998,0.118,11.599,1.9,89.7,87.81818181818181,34.09090909090909,38.36363636363637,15.363636363636363,34.72727272727273,8.181818181818182,26.545454545454547,18.09090909090909,11.181818181818182,1.62,11.363636363636363,30.181818181818183,37.629090909090905,19.181818181818183,31.454545454545453,61.13999999999999,15.363636363636363,18.545454545454547,82.3090909090909,2.3636363636363638,5.818181818181818,0.5272727272727273,1.8181818181818181,18.363636363636363,0.10545454545454547,11.181818181818182,1.2727272727272727,102.63636363636364
74,82,2018-12-05,8,1,2018-2019,Corinthians,Coop/São José Basketball,0,76.6,20.1,41.4,15.1,36.0,10.9,25.1,15.9,14.4,1.166,6.7,21.2,31.942999999999994,20.7,42.7,48.964,15.1,19.0,78.968,1.7,7.0,0.505,1.5,23.9,0.06399999999999999,14.4,1.9,82.1,77.2,26.1,36.0,15.1,35.8,9.9,25.9,17.1,15.4,1.137,8.7,27.9,32.024,18.0,34.2,52.498000000000005,15.1,19.9,76.37299999999999,0.9,7.2,0.48200000000000004,2.2,23.1,0.09799999999999999,15.4,2.6,83.5
76,63,2018-12-05,8,1,2018-2019,Fortaleza B. C. / CFO,Brasília,1,71.101,22.5,38.201,10.4,39.301,12.7,26.601,12.401,14.699000000000002,0.909,7.5,23.499000000000002,31.499000000000002,19.099,40.4,47.865,10.4,15.999,65.46000000000001,2.001,6.7,0.471,2.2990000000000004,19.201,0.12200000000000003,14.699000000000002,3.5,74.099,79.0,30.333333333333332,32.22222222222222,16.444444444444443,35.333333333333336,10.11111111111111,25.22222222222222,15.666666666666666,14.222222222222221,1.1288888888888888,10.11111111111111,27.88888888888889,36.477777777777774,16.11111111111111,34.666666666666664,46.885555555555555,16.444444444444443,21.88888888888889,76.21111111111111,0.6666666666666666,5.555555555555555,0.38999999999999996,2.7777777777777777,23.333333333333332,0.11888888888888889,14.222222222222221,1.6666666666666667,82.22222222222223
85,64,2018-12-06,8,1,2018-2019,Bauru Basket,Paulistano,1,73.45636363636363,26.181818181818183,32.54545454545455,14.72909090909091,36.63636363636363,8.72909090909091,27.910000000000004,16.270909090909093,13.99909090909091,1.1954545454545455,8.726363636363637,25.180909090909086,34.79545454545455,16.272727272727273,33.36454545454546,48.651818181818186,14.72909090909091,20.090909090909093,73.17000000000002,0.9109090909090909,5.364545454545455,0.39,1.5454545454545454,20.726363636363633,0.07272727272727271,13.99909090909091,3.0009090909090905,80.27272727272727,81.0,27.6,36.6,16.8,41.4,12.1,29.3,16.0,13.4,1.238,9.2,30.4,30.502000000000002,18.3,34.8,52.656000000000006,16.8,22.4,75.07900000000001,2.5,6.9,0.526,2.2,21.4,0.10400000000000001,13.4,2.2,90.7
81,67,2018-12-06,8,1,2018-2019,Mogi,Joinville / AABJ,1,87.499,28.2,42.801,16.500999999999998,38.202000000000005,10.599999999999998,27.598999999999997,20.301000000000005,13.598000000000003,1.542,9.399999999999999,23.502000000000002,39.98099999999999,21.399,39.799,54.13099999999999,16.500999999999998,22.100000000000005,74.75099999999998,1.3980000000000001,7.6,0.579,3.1020000000000003,19.798999999999996,0.15399999999999997,13.598000000000003,2.599999999999999,104.9,73.77777777777777,32.333333333333336,30.221111111111114,11.223333333333333,37.55555555555556,12.223333333333333,25.332222222222224,15.333333333333334,13.66777777777778,1.2866666666666668,10.776666666666667,29.11111111111111,36.75666666666667,15.112222222222222,33.00111111111111,46.06666666666666,11.223333333333333,17.776666666666667,62.306666666666665,1.221111111111111,7.445555555555554,0.6222222222222222,1.6677777777777778,18.333333333333332,0.08777777777777779,13.66777777777778,2.4433333333333334,79.11111111111111
66,60,2018-12-07,8,1,2018-2019,Fortaleza B. C. / CFO,R10 Score Vasco da Gama,1,71.09181818181818,22.5,38.18272727272727,10.409090909090908,39.68272727272727,13.0,26.682727272727274,12.591818181818182,14.590000000000002,0.9236363636363637,7.5,23.726363636363637,31.25818181818182,19.09,40.40909090909091,47.77818181818182,10.409090909090908,16.271818181818183,64.53272727272727,2.091818181818182,6.818181818181818,0.4818181818181818,2.271818181818182,19.046363636363637,0.12090909090909094,14.590000000000002,3.590909090909091,74.31727272727272,73.1,22.5,36.6,14.0,36.7,10.4,26.3,16.7,14.4,1.1780000000000002,7.5,24.0,31.139,18.3,39.5,46.142,14.0,21.0,66.898,1.0,7.1,0.505,1.5,19.6,0.079,14.4,2.4,76.0
102,73,2018-12-07,8,1,2018-2019,Flamengo,Botafogo,1,78.27090909090909,25.636363636363637,39.63454545454545,13.0,43.089090909090906,13.910909090909092,29.183636363636367,17.636363636363637,13.0,1.4100000000000001,8.545454545454545,28.54636363636364,30.40181818181818,19.820000000000004,40.453636363636356,49.35272727272727,13.0,16.999999999999996,76.36545454545454,0.9090909090909091,7.726363636363637,0.6481818181818183,1.5472727272727271,19.54636363636364,0.07909090909090909,13.0,1.907272727272727,90.54545454545453,75.36363636363636,23.59090909090909,40.45454545454545,11.318181818181818,35.13636363636363,9.909090909090908,25.227272727272727,17.59090909090909,14.818181818181818,1.2781818181818183,7.863636363636363,21.045454545454547,37.07090909090909,20.227272727272727,39.5,51.306363636363635,11.318181818181818,15.909090909090908,70.44181818181818,2.227272727272727,7.818181818181818,0.5272727272727273,2.0454545454545454,23.363636363636363,0.09090909090909091,14.818181818181818,2.772727272727273,85.86363636363636
102,96,2018-12-08,8,1,2018-2019,Mogi,Corinthians,1,87.86272727272727,27.40909090909091,43.72818181818182,16.728181818181817,38.27454545454546,10.772727272727272,27.499090909090906,20.319090909090914,13.270909090909093,1.5881818181818181,9.136363636363635,23.501818181818184,38.86090909090908,21.862727272727273,40.45363636363636,54.33545454545454,16.728181818181817,22.500000000000004,74.47363636363634,1.3618181818181818,7.454545454545454,0.5809090909090908,3.0472727272727274,19.908181818181813,0.15090909090909088,13.270909090909093,2.4090909090909083,104.86363636363636,77.36363636363636,20.181818181818183,41.54545454545455,15.636363636363637,36.72727272727273,11.318181818181818,25.40909090909091,16.318181818181817,14.318181818181818,1.1981818181818182,6.7272727272727275,21.454545454545453,31.690909090909088,20.772727272727273,42.68181818181818,49.11181818181819,15.636363636363637,20.09090909090909,77.94727272727273,1.7727272727272727,6.7727272727272725,0.4890909090909091,1.5,24.272727272727273,0.06272727272727273,14.318181818181818,1.9545454545454546,83.18181818181819
102,100,2018-12-08,8,1,2018-2019,Coop/São José Basketball,Joinville / AABJ,1,78.54545454545455,25.636363636363637,37.09090909090909,15.818181818181818,36.0,9.954545454545455,26.045454545454547,17.772727272727273,15.045454545454545,1.2272727272727273,8.545454545454545,27.181818181818183,32.29454545454546,18.545454545454547,35.09090909090909,52.68454545454545,15.818181818181818,20.863636363636363,76.28545454545453,0.8636363636363636,7.136363636363637,0.49000000000000005,2.090909090909091,23.5,0.09272727272727271,15.045454545454545,2.5454545454545454,85.9090909090909,74.75,32.25,30.699,11.800999999999998,37.4,11.901,25.499000000000002,15.4,13.850999999999999,1.2610000000000001,10.749,28.95,36.899,15.350999999999999,33.101,46.60699999999999,11.800999999999998,18.399,63.159000000000006,1.149,7.200999999999999,0.592,1.9509999999999998,18.85,0.098,13.850999999999999,2.5490000000000004,80.1
88,77,2018-12-10,9,1,2018-2019,Brasília,Minas,1,77.4,29.4,32.0,16.0,34.5,9.5,25.0,15.6,14.4,1.1099999999999999,9.8,27.5,35.747,16.0,34.1,47.36899999999999,16.0,21.3,76.09,0.8,5.4,0.376,2.5,23.3,0.10700000000000001,14.4,1.9,79.8,79.6,27.6,36.201,15.799000000000001,37.400999999999996,10.299,27.099,17.3,13.2,1.351,9.201,25.9,35.193000000000005,18.099,36.400999999999996,49.995000000000005,15.799000000000001,22.299,70.425,2.001,7.401000000000001,0.599,2.0,19.8,0.10200000000000001,13.2,1.399,88.901
109,97,2018-12-10,9,1,2018-2019,Paulistano,Joinville / AABJ,1,79.45454545454545,27.818181818181817,35.09090909090909,16.545454545454547,41.09090909090909,12.272727272727273,28.818181818181817,15.363636363636363,13.545454545454545,1.18,9.272727272727273,30.636363636363637,30.483636363636368,17.545454545454547,34.27272727272727,51.00363636363637,16.545454545454547,22.181818181818183,74.61727272727273,2.727272727272727,6.909090909090909,0.5209090909090909,2.090909090909091,21.636363636363637,0.09818181818181819,13.545454545454545,2.1818181818181817,87.54545454545455,75.54545454545455,32.18181818181818,31.09,12.273636363636363,37.27272727272727,11.637272727272727,25.635454545454547,15.454545454545455,14.00090909090909,1.24,10.726363636363637,28.818181818181817,37.015454545454546,15.546363636363635,33.18272727272727,47.04909090909091,12.273636363636363,18.90818181818182,63.856363636363646,1.09,7.00090909090909,0.5672727272727273,2.1827272727272726,19.272727272727273,0.10636363636363635,14.00090909090909,2.6354545454545457,80.9090909090909
65,71,2018-12-11,9,1,2018-2019,R10 Score Vasco da Gama,Pinheiros,0,71.9090909090909,21.545454545454547,37.27272727272727,13.090909090909092,37.18181818181818,10.090909090909092,27.09090909090909,16.454545454545453,14.636363636363637,1.1454545454545455,7.181818181818182,23.727272727272727,30.04,18.636363636363637,39.54545454545455,46.94727272727273,13.090909090909092,19.818181818181817,65.36181818181818,1.0,7.181818181818182,0.5018181818181818,1.5454545454545454,19.363636363636363,0.08272727272727273,14.636363636363637,2.5454545454545454,75.45454545454545,82.54636363636364,32.45454545454545,37.45545454545454,12.636363636363637,33.45363636363636,9.819090909090908,23.637272727272727,14.635454545454547,10.908181818181818,1.4945454545454544,10.817272727272728,28.91,37.4990909090909,18.726363636363637,35.63636363636363,53.20363636363636,12.636363636363637,16.362727272727273,76.64181818181818,0.9090909090909091,7.636363636363637,0.7736363636363636,1.9990909090909093,18.09181818181818,0.10727272727272727,10.908181818181818,1.7272727272727273,90.54545454545455
70,61,2018-12-12,9,1,2018-2019,Fortaleza B. C. / CFO,Minas,1,71.08416666666666,22.5,38.1675,10.416666666666666,40.00083333333333,13.25,26.750833333333333,12.750833333333333,14.499166666666667,0.9358333333333334,7.5,23.915833333333335,31.057500000000005,19.0825,40.416666666666664,47.70583333333334,10.416666666666666,16.499166666666667,63.76,2.1675,6.916666666666667,0.4908333333333333,2.249166666666667,18.9175,0.12000000000000004,14.499166666666667,3.6666666666666665,74.49916666666667,78.97,27.454545454545453,36.00090909090909,15.514545454545454,37.152727272727276,10.18090909090909,26.969090909090912,17.12090909090909,13.393636363636364,1.319090909090909,9.152727272727274,26.0,34.91181818181819,17.99909090909091,36.303636363636365,49.82363636363637,15.514545454545454,21.78727272727273,70.93181818181819,1.91,7.546363636363637,0.5981818181818181,2.0,19.69727272727273,0.10272727272727274,13.393636363636364,1.4836363636363636,87.8190909090909
87,75,2018-12-13,9,1,2018-2019,Coop/São José Basketball,Brasília,1,79.66666666666667,25.25,38.0,16.416666666666668,36.166666666666664,10.0,26.166666666666668,18.333333333333332,14.75,1.3025,8.416666666666666,26.583333333333332,32.52,19.0,35.833333333333336,52.839999999999996,16.416666666666668,21.666666666666668,76.21249999999999,0.8333333333333334,7.083333333333333,0.49666666666666676,2.0,23.833333333333332,0.08833333333333332,14.75,2.5,87.91666666666667,77.78818181818181,29.181818181818183,32.78818181818182,15.818181818181818,34.09090909090909,9.302727272727273,24.78818181818182,16.181818181818183,14.0,1.2090909090909092,9.727272727272727,27.666363636363634,35.28636363636363,16.39363636363636,34.24272727272727,48.24545454545454,15.818181818181818,21.242727272727276,75.33090909090909,0.7272727272727273,5.7272727272727275,0.42363636363636364,2.4545454545454546,22.90909090909091,0.10727272727272728,14.0,1.8790909090909091,80.93909090909091
76,91,2018-12-13,9,1,2018-2019,Botafogo,Pinheiros,0,75.33333333333333,23.5,40.5,11.333333333333334,34.583333333333336,9.833333333333334,24.75,17.416666666666668,14.916666666666666,1.2525000000000002,7.833333333333333,20.75,37.553333333333335,20.25,39.583333333333336,51.24916666666667,11.333333333333334,15.916666666666666,70.56166666666667,2.1666666666666665,7.75,0.5200000000000001,2.0,23.5,0.08833333333333333,14.916666666666666,2.75,85.08333333333333,82.4175,32.875,37.25083333333333,12.291666666666666,33.87416666666667,10.334166666666667,23.5425,14.707500000000001,11.249166666666667,1.4558333333333333,10.957500000000001,29.500833333333333,37.26749999999999,18.624166666666667,35.541666666666664,52.99666666666667,12.291666666666666,15.915833333333333,76.69416666666666,1.0,7.708333333333333,0.7566666666666667,1.9158333333333335,18.0425,0.10333333333333333,11.249166666666667,1.8333333333333333,90.20833333333333
75,88,2018-12-14,9,1,2018-2019,R10 Score Vasco da Gama,Mogi,0,71.75,22.125,36.75,12.875,37.125,10.0,27.125,16.416666666666668,14.291666666666666,1.1766666666666667,7.375,23.791666666666668,30.768333333333334,18.375,39.666666666666664,46.185,12.875,19.208333333333332,66.915,0.9166666666666666,7.125,0.5116666666666666,1.5416666666666667,19.125,0.08333333333333333,14.291666666666666,2.375,75.625,88.16583333333334,26.75,44.50083333333333,16.9175,38.335,10.916666666666666,27.415833333333328,20.334166666666672,12.998333333333335,1.6266666666666667,8.916666666666666,23.50166666666667,37.927499999999995,22.249166666666667,40.99916666666667,54.50583333333333,16.9175,22.83333333333334,74.24249999999999,1.3316666666666668,7.333333333333333,0.5824999999999999,3.001666666666667,19.999166666666664,0.14833333333333332,12.998333333333335,2.2499999999999996,104.83333333333333
87,83,2018-12-15,9,1,2018-2019,Corinthians,Bauru Basket,1,78.0,20.25,41.666666666666664,16.083333333333332,37.333333333333336,11.666666666666666,25.666666666666668,16.666666666666668,14.25,1.2249999999999999,6.75,21.666666666666668,31.480833333333333,20.833333333333332,42.666666666666664,49.23500000000001,16.083333333333332,21.0,77.09666666666668,1.8333333333333333,6.583333333333333,0.47583333333333333,1.5,24.583333333333332,0.06166666666666667,14.25,2.0,84.08333333333333,74.41833333333334,26.5,33.0,14.918333333333335,37.166666666666664,9.001666666666667,28.167500000000004,16.581666666666667,13.999166666666667,1.215,8.8325,25.165833333333328,35.229166666666664,16.5,33.50083333333334,49.12166666666667,14.918333333333335,20.583333333333336,72.52083333333334,1.085,5.6675,0.41083333333333333,1.6666666666666667,21.165833333333328,0.07666666666666665,13.999166666666667,3.000833333333333,82.41666666666667
80,91,2018-12-15,9,1,2018-2019,Minas,Flamengo,0,78.445,27.333333333333332,35.83416666666667,15.277499999999998,36.94583333333333,10.0825,26.860833333333336,16.971666666666668,13.555000000000001,1.2925,9.1125,26.083333333333332,34.67750000000001,17.915833333333335,36.2225,49.68083333333334,15.277499999999998,21.360833333333336,71.35416666666667,1.8341666666666665,7.6675,0.5975,2.0,19.611666666666668,0.10333333333333335,13.555000000000001,1.5541666666666665,86.9175,80.24833333333333,26.75,39.83166666666666,13.666666666666666,42.58166666666666,13.918333333333335,28.668333333333337,18.75,13.0,1.4908333333333335,8.916666666666666,28.584166666666672,31.60416666666666,19.918333333333337,39.832499999999996,50.54333333333333,13.666666666666666,17.666666666666664,77.00166666666667,0.8333333333333334,7.5825000000000005,0.6325000000000001,1.5016666666666667,19.500833333333336,0.07666666666666667,13.0,1.8316666666666663,94.0
83,82,2018-12-15,9,1,2018-2019,Paulistano,Brasília,1,80.83333333333333,28.375,36.083333333333336,16.375,41.375,12.291666666666666,29.083333333333332,16.291666666666668,13.541666666666666,1.2449999999999999,9.458333333333334,30.208333333333332,31.70166666666667,18.041666666666668,34.833333333333336,51.53000000000001,16.375,22.208333333333332,73.76916666666666,2.9583333333333335,6.625,0.4991666666666666,2.3333333333333335,21.5,0.11083333333333334,13.541666666666666,2.125,90.45833333333333,78.11166666666666,29.0,33.445,15.666666666666666,33.75,9.138333333333334,24.611666666666668,16.666666666666668,13.666666666666666,1.2916666666666667,9.666666666666666,27.804999999999996,34.902499999999996,16.721666666666664,34.36166666666667,48.97583333333333,15.666666666666666,21.195000000000004,74.69833333333334,0.6666666666666666,6.0,0.4633333333333334,2.4166666666666665,22.583333333333332,0.10750000000000003,13.666666666666666,1.861666666666667,81.88833333333334
80,95,2018-12-18,9,1,2018-2019,Joinville / AABJ,Sesi Franca,0,76.625,32.75,31.8325,12.042499999999999,36.708333333333336,11.542499999999999,25.165833333333335,15.375,13.625833333333333,1.2641666666666667,10.915833333333333,28.958333333333332,37.4825,15.917499999999999,33.70916666666667,47.3475,12.042499999999999,18.499166666666667,64.19000000000001,1.0825,6.834166666666666,0.5641666666666667,2.1675,19.75,0.10416666666666667,13.625833333333333,2.5408333333333335,81.625,87.08333333333333,32.5,39.333333333333336,15.25,35.0,8.166666666666666,26.833333333333332,17.916666666666668,11.583333333333334,1.5683333333333334,10.833333333333334,29.416666666666668,36.4775,19.666666666666668,32.083333333333336,61.38666666666666,15.25,18.25,83.22749999999999,2.5,5.583333333333333,0.49916666666666676,1.75,18.25,0.10166666666666668,11.583333333333334,1.3333333333333333,101.58333333333333
82,78,2019-01-05,1,2,2018-2019,Paulistano,Corinthians,1,82.0,28.846153846153847,36.92307692307692,16.23076923076923,41.61538461538461,12.307692307692308,29.307692307692307,17.076923076923077,13.538461538461538,1.2999999999999998,9.615384615384615,29.846153846153847,32.7323076923077,18.46153846153846,35.30769230769231,51.97538461538463,16.23076923076923,22.23076923076923,73.05153846153847,3.1538461538461537,6.384615384615385,0.4807692307692307,2.5384615384615383,21.384615384615383,0.12153846153846154,13.538461538461538,2.076923076923077,92.92307692307692,78.6923076923077,20.53846153846154,41.53846153846154,16.615384615384617,37.23076923076923,11.461538461538462,25.76923076923077,17.0,14.0,1.2776923076923077,6.846153846153846,21.846153846153847,31.62307692307692,20.76923076923077,42.0,49.9723076923077,16.615384615384617,21.307692307692307,78.24307692307693,1.7692307692307692,6.461538461538462,0.47384615384615386,1.4615384615384615,24.307692307692307,0.06076923076923077,14.0,1.9230769230769231,85.76923076923077
88,82,2019-01-07,1,2,2018-2019,Mogi,Coop/São José Basketball,1,88.15307692307692,27.23076923076923,44.61615384615384,16.308461538461536,39.07846153846154,11.076923076923077,27.999230769230767,21.000769230769233,12.690769230769233,1.7492307692307691,9.076923076923077,23.84769230769231,38.03230769230769,22.306923076923077,41.076153846153844,54.52538461538461,16.308461538461536,22.07692307692308,73.85692307692307,1.2292307692307693,7.076923076923077,0.5715384615384614,3.2323076923076925,19.92230769230769,0.16153846153846152,12.690769230769233,2.076923076923076,106.38461538461539,80.23076923076923,25.384615384615383,38.92307692307692,15.923076923076923,36.23076923076923,9.615384615384615,26.615384615384617,18.692307692307693,14.846153846153847,1.313076923076923,8.461538461538462,26.46153846153846,32.78769230769231,19.46153846153846,35.61538461538461,54.60307692307692,15.923076923076923,21.0,76.26692307692306,0.9230769230769231,6.846153846153846,0.47769230769230775,2.0,23.615384615384617,0.08923076923076922,14.846153846153847,2.6153846153846154,89.61538461538461
97,82,2019-01-08,1,2,2018-2019,Corinthians,Minas,1,78.85714285714286,20.714285714285715,41.237857142857145,16.905,36.785714285714285,11.237857142857143,25.547857142857143,16.952142857142857,13.952142857142858,1.2742857142857142,6.905,21.952142857142857,31.71142857142857,20.619285714285716,41.666428571428575,49.97428571428572,16.905,21.595,78.48142857142857,1.8571428571428572,6.785714285714286,0.4992857142857143,1.4764285714285716,24.333571428571428,0.06142857142857144,13.952142857142858,1.9285714285714286,85.97642857142857,78.00076923076922,27.23076923076923,35.69307692307692,15.076923076923075,36.77076923076923,9.99923076923077,26.769230769230774,16.845384615384617,13.691538461538464,1.2699999999999998,9.07846153846154,26.153846153846153,34.47923076923078,17.845384615384617,36.153846153846146,49.56000000000001,15.076923076923075,21.000000000000004,71.71153846153847,1.7699999999999998,7.7700000000000005,0.5969230769230769,2.0,19.539230769230773,0.10384615384615387,13.691538461538464,1.6138461538461537,86.15461538461538
82,88,2019-01-09,1,2,2018-2019,R10 Score Vasco da Gama,Bauru Basket,0,71.61538461538461,22.615384615384617,36.30769230769231,12.692307692307692,37.07692307692308,9.923076923076923,27.153846153846153,16.384615384615383,14.0,1.2030769230769232,7.538461538461538,23.846153846153847,31.384615384615383,18.153846153846153,39.76923076923077,45.54,12.692307692307692,18.692307692307693,68.22923076923077,0.8461538461538461,7.076923076923077,0.52,1.5384615384615385,18.923076923076923,0.08384615384615385,14.0,2.230769230769231,75.76923076923077,75.07846153846154,26.307692307692307,33.69230769230769,15.07846153846154,36.99999999999999,9.232307692307693,27.770000000000003,16.844615384615388,13.537692307692309,1.3138461538461539,8.768461538461539,25.460769230769227,34.64153846153846,16.846153846153847,33.84692307692308,49.59384615384616,15.07846153846154,20.692307692307693,72.88615384615386,1.0015384615384615,5.7700000000000005,0.44692307692307687,1.6923076923076923,21.38384615384615,0.0769230769230769,13.537692307692309,2.8469230769230767,83.38461538461539
65,77,2019-01-09,1,2,2018-2019,Fortaleza B. C. / CFO,Paulistano,0,71.00076923076924,23.076923076923077,38.00076923076923,9.923076923076923,40.308461538461536,13.384615384615385,26.923846153846153,12.77,14.922307692307694,0.9138461538461539,7.6923076923076925,23.922307692307694,31.87384615384616,18.99923076923077,40.30769230769231,47.58615384615385,9.923076923076923,16.46076923076923,60.77846153846154,2.1546153846153846,7.076923076923077,0.4876923076923077,2.0761538461538462,18.923846153846153,0.1107692307692308,14.922307692307694,3.6923076923076925,73.99923076923076,82.23785714285714,29.357142857142858,36.714285714285715,16.166428571428572,41.809285714285714,12.333571428571428,29.476428571428574,17.047857142857143,13.737857142857141,1.2799999999999998,9.785714285714286,29.976428571428574,33.10071428571429,18.357142857142858,34.97642857142857,52.22214285714286,16.166428571428572,22.071428571428573,73.31000000000002,3.047857142857143,6.285714285714286,0.46857142857142847,2.547857142857143,21.285714285714285,0.12214285714285714,13.737857142857141,2.0714285714285716,93.33357142857143
84,90,2019-01-10,1,2,2018-2019,Joinville / AABJ,Mogi,0,77.53846153846153,33.23076923076923,32.46076923076923,11.846923076923076,36.23076923076923,11.462307692307691,24.76846153846154,15.307692307692308,13.308461538461538,1.2846153846153845,11.076153846153847,29.076923076923077,37.87769230769231,16.23153846153846,34.15461538461538,47.599999999999994,11.846923076923076,18.153076923076924,64.4723076923077,1.0761538461538462,6.693076923076922,0.5615384615384615,2.1546153846153846,20.153846153846153,0.10230769230769231,13.308461538461538,2.460769230769231,82.23076923076923,88.21357142857143,26.571428571428573,45.214999999999996,16.429285714285715,39.32285714285714,11.071428571428571,28.249285714285712,21.107857142857146,13.070000000000002,1.7135714285714285,8.857142857142856,23.501428571428573,37.57142857142857,22.606428571428573,41.24928571428571,54.98214285714285,16.429285714285715,22.35714285714286,73.52642857142857,1.2842857142857143,7.107142857142857,0.5607142857142856,3.43,19.892142857142854,0.17214285714285713,13.070000000000002,2.178571428571428,106.71428571428571
87,75,2019-01-10,1,2,2018-2019,Pinheiros,Minas,1,82.30846153846154,33.23076923076923,37.07769230769231,12.0,34.230000000000004,10.77,23.462307692307693,14.768461538461539,11.537692307692309,1.4230769230769231,11.076153846153847,30.00076923076923,37.07153846153846,18.537692307692307,35.46153846153846,52.821538461538466,12.0,15.537692307692309,76.73846153846154,1.0769230769230769,7.769230769230769,0.7423076923076923,1.8453846153846156,18.00076923076923,0.1,11.537692307692309,1.9230769230769231,89.92307692307692,78.03642857142856,26.785714285714285,35.64357142857143,15.607142857142856,36.43,9.856428571428571,26.571428571428577,16.82071428571429,13.927857142857146,1.2485714285714284,8.930000000000001,25.785714285714285,34.39714285714287,17.820714285714285,35.96428571428571,49.751428571428576,15.607142857142856,21.642857142857146,71.94642857142857,1.7864285714285713,7.786428571428572,0.5878571428571429,2.0714285714285716,20.107857142857146,0.10428571428571431,13.927857142857146,1.7485714285714284,85.92928571428571
71,97,2019-01-11,1,2,2018-2019,Brasília,Paulistano,0,78.38538461538461,28.846153846153847,34.00076923076924,15.538461538461538,33.46153846153846,8.999230769230769,24.462307692307697,17.076923076923077,13.384615384615385,1.3615384615384616,9.615384615384615,27.92230769230769,34.57769230769231,16.999230769230767,34.4623076923077,49.593846153846144,15.538461538461538,21.15461538461539,74.16307692307693,0.6153846153846154,6.230769230769231,0.49692307692307697,2.3846153846153846,22.307692307692307,0.10769230769230773,13.384615384615385,1.8469230769230773,82.69153846153846,82.44399999999999,29.8,36.53333333333333,16.110666666666667,41.97733333333334,12.355999999999998,29.622666666666667,17.02266666666667,13.910666666666664,1.2626666666666666,9.933333333333334,30.089333333333336,33.42,18.266666666666666,34.68933333333334,52.43600000000001,16.110666666666667,21.933333333333334,73.53400000000002,2.9560000000000004,6.2,0.4579999999999999,2.556,21.2,0.12266666666666666,13.910666666666664,2.066666666666667,93.68933333333334
74,80,2019-01-11,1,2,2018-2019,Botafogo,Bauru Basket,0,75.38461538461539,23.307692307692307,40.46153846153846,11.615384615384615,34.38461538461539,10.0,24.384615384615383,17.307692307692307,15.307692307692308,1.2176923076923079,7.769230769230769,20.615384615384617,37.49846153846154,20.23076923076923,39.30769230769231,51.58076923076923,11.615384615384615,16.23076923076923,70.90307692307692,2.076923076923077,7.769230769230769,0.5107692307692309,1.9230769230769231,23.0,0.08615384615384616,15.307692307692308,2.769230769230769,84.6923076923077,75.71571428571428,26.25,34.07142857142857,15.394285714285715,37.035714285714285,9.037142857142857,28.000714285714288,16.891428571428573,13.499285714285715,1.3164285714285717,8.749285714285714,25.392142857142854,34.644999999999996,17.035714285714285,33.82214285714286,50.20928571428572,15.394285714285715,21.25,72.56714285714285,0.9657142857142856,6.000714285714286,0.4642857142857143,1.7857142857142858,21.392142857142854,0.0814285714285714,13.499285714285715,2.822142857142857,84.5
68,91,2019-01-12,1,2,2018-2019,Corinthians,Flamengo,0,79.0,20.866666666666667,40.97733333333334,17.156000000000002,36.4,11.044000000000002,25.356,16.910666666666664,13.910666666666668,1.2713333333333334,6.956,22.043999999999997,31.788,20.489333333333335,41.37733333333334,49.976000000000006,17.156000000000002,21.843999999999998,78.688,1.9333333333333333,7.066666666666666,0.5213333333333333,1.4893333333333336,24.356,0.06200000000000001,13.910666666666668,1.9333333333333333,86.156,81.07538461538462,26.76923076923077,40.46,13.846153846153847,42.76769230769231,14.001538461538463,28.770769230769233,19.307692307692307,12.76923076923077,1.5761538461538462,8.923076923076923,28.770000000000003,31.406153846153845,20.232307692307696,39.92230769230769,51.15846153846154,13.846153846153847,17.769230769230766,77.55615384615385,0.7692307692307693,7.460769230769231,0.6300000000000001,1.54,19.38538461538462,0.07923076923076923,12.76923076923077,1.7676923076923075,95.84615384615384
82,74,2019-01-12,1,2,2018-2019,Sesi Franca,Fortaleza B. C. / CFO,1,87.6923076923077,32.07692307692308,39.69230769230769,15.923076923076923,34.69230769230769,7.923076923076923,26.76923076923077,17.53846153846154,11.615384615384615,1.5307692307692307,10.692307692307692,29.23076923076923,36.23538461538461,19.846153846153847,31.923076923076923,62.30538461538462,15.923076923076923,19.0,83.41846153846153,2.3076923076923075,5.538461538461538,0.49307692307692313,1.6153846153846154,17.76923076923077,0.09384615384615386,11.615384615384615,1.5384615384615385,101.61538461538461,70.89357142857143,22.821428571428573,38.14357142857143,9.928571428571429,39.67928571428571,13.0,26.679285714285715,12.572142857142856,14.713571428571429,0.9078571428571429,7.607142857142857,23.820714285714285,31.66071428571429,19.070714285714285,40.25,47.80357142857143,9.928571428571429,16.285,61.53928571428571,2.1078571428571427,7.071428571428571,0.4942857142857143,2.1421428571428573,19.000714285714285,0.11357142857142859,14.713571428571429,3.5357142857142856,73.67785714285715
81,92,2019-01-14,2,2,2018-2019,Joinville / AABJ,R10 Score Vasco da Gama,0,78.0,33.642857142857146,32.85642857142857,11.500714285714285,35.785714285714285,11.429285714285713,24.356428571428573,14.857142857142858,13.429285714285713,1.2357142857142858,11.213571428571429,29.571428571428573,37.75142857142857,16.429285714285715,34.78642857142857,47.35642857142857,11.500714285714285,17.499285714285715,65.42285714285715,1.1421428571428571,7.357857142857142,0.597857142857143,2.1435714285714282,20.571428571428573,0.10071428571428573,13.429285714285713,2.4992857142857146,81.85714285714286,72.35714285714286,22.928571428571427,36.57142857142857,12.857142857142858,37.857142857142854,10.571428571428571,27.285714285714285,16.571428571428573,14.0,1.2142857142857142,7.642857142857143,24.357142857142858,31.21642857142857,18.285714285714285,40.285714285714285,45.326428571428565,12.857142857142858,18.785714285714285,68.71285714285715,0.7857142857142857,7.142857142857143,0.5235714285714286,1.5,18.928571428571427,0.08142857142857143,14.0,2.142857142857143,76.78571428571429
81,73,2019-01-14,2,2,2018-2019,Pinheiros,Flamengo,1,82.64357142857143,33.214285714285715,36.85785714285714,12.571428571428571,34.35642857142857,10.929285714285713,23.429285714285715,14.785,11.927857142857144,1.3842857142857141,11.070714285714287,30.143571428571427,36.87928571428571,18.427857142857142,35.142857142857146,52.96571428571429,12.571428571428571,16.499285714285715,76.18357142857143,1.0714285714285714,7.857142857142857,0.7271428571428571,1.7135714285714287,18.357857142857142,0.09285714285714286,11.927857142857144,2.142857142857143,89.64285714285714,81.78428571428572,27.0,40.855714285714285,13.928571428571429,42.355714285714285,13.644285714285715,28.715714285714288,19.357142857142858,13.071428571428571,1.547857142857143,9.0,28.07214285714286,32.92214285714285,20.430000000000003,39.85642857142857,51.71642857142857,13.928571428571429,17.928571428571427,77.37357142857142,1.0,7.356428571428572,0.6100000000000001,1.43,19.42928571428572,0.07357142857142858,13.071428571428571,1.7128571428571426,96.64285714285714
82,71,2019-01-14,2,2,2018-2019,Bauru Basket,Fortaleza B. C. / CFO,1,76.268,26.2,34.4,15.668000000000001,37.06666666666667,8.868,28.20066666666667,16.932000000000002,13.466000000000001,1.3186666666666669,8.732666666666667,25.332666666666665,34.648,17.2,33.80066666666667,50.74266666666667,15.668000000000001,21.733333333333334,72.29066666666668,0.9346666666666666,6.200666666666667,0.4793333333333333,1.8666666666666667,21.39933333333333,0.08533333333333332,13.466000000000001,2.8006666666666664,85.46666666666667,70.80066666666667,22.6,38.26733333333333,9.933333333333334,39.134,12.666666666666666,26.467333333333332,12.400666666666666,14.532666666666668,0.9026666666666667,7.533333333333333,23.732666666666667,31.476000000000003,19.13266666666667,40.2,47.992,9.933333333333334,16.13266666666667,62.19866666666667,2.067333333333333,7.066666666666666,0.5,2.1993333333333336,19.067333333333334,0.11600000000000002,14.532666666666668,3.4,73.39933333333333
76,80,2019-01-15,2,2,2018-2019,Brasília,Mogi,0,77.85785714285713,28.285714285714285,34.28642857142857,15.285714285714286,33.285714285714285,8.927857142857142,24.357857142857146,16.714285714285715,13.428571428571429,1.3257142857142856,9.428571428571429,27.499285714285712,34.380714285714284,17.142142857142854,34.715,49.622857142857136,15.285714285714286,21.000714285714288,73.37714285714286,0.6428571428571429,6.142857142857143,0.4871428571428572,2.642857142857143,22.214285714285715,0.12071428571428575,13.428571428571429,1.9292857142857147,81.71357142857143,88.266,26.0,45.734,16.534,39.534666666666666,11.066666666666666,28.465999999999998,21.20066666666667,13.398666666666667,1.6826666666666665,8.666666666666666,23.201333333333334,37.172000000000004,22.866,41.39933333333333,55.37799999999999,16.534,22.600000000000005,73.24,1.332,7.133333333333334,0.5513333333333333,3.6013333333333337,19.865999999999996,0.18133333333333332,13.398666666666667,2.266666666666666,107.0
75,80,2019-01-16,2,2,2018-2019,Minas,Coop/São José Basketball,0,78.06733333333332,26.4,35.60066666666667,16.066666666666666,36.13466666666667,9.732666666666667,26.400000000000002,16.799333333333337,14.132666666666669,1.2299999999999998,8.801333333333334,25.466666666666665,34.32600000000001,17.799333333333333,35.8,49.91733333333334,16.066666666666666,22.200000000000003,72.15,1.8006666666666666,7.800666666666667,0.5800000000000001,2.1333333333333333,20.60066666666667,0.1046666666666667,14.132666666666669,1.865333333333333,85.734,80.35714285714286,25.5,38.714285714285715,16.142857142857142,36.57142857142857,9.928571428571429,26.642857142857142,19.071428571428573,14.928571428571429,1.3264285714285715,8.5,26.428571428571427,32.91857142857143,19.357142857142858,35.714285714285715,54.177857142857135,16.142857142857142,21.428571428571427,75.84571428571427,1.0,6.857142857142857,0.4750000000000001,1.9285714285714286,23.642857142857142,0.08571428571428572,14.928571428571429,2.642857142857143,90.0
77,80,2019-01-16,2,2,2018-2019,Corinthians,Pinheiros,0,78.96666666666667,21.2,40.46600000000001,17.300666666666668,36.13333333333333,10.83266666666667,25.300666666666668,17.165999999999997,14.232666666666669,1.2553333333333332,7.067333333333334,22.232666666666663,32.02733333333334,20.234,40.69933333333334,50.15133333333334,17.300666666666668,22.032666666666664,78.64533333333334,2.033333333333333,7.4,0.5293333333333333,1.500666666666667,24.234,0.06266666666666668,14.232666666666669,2.0,86.43400000000001,82.50066666666666,33.4,36.400666666666666,12.7,34.532666666666664,10.867333333333333,23.667333333333332,14.699333333333334,11.866000000000001,1.3739999999999999,11.132666666666667,29.800666666666665,37.620666666666665,18.199333333333335,35.266666666666666,52.13733333333334,12.7,16.932666666666666,75.30733333333333,1.0333333333333334,7.666666666666667,0.7086666666666666,1.7326666666666668,18.467333333333332,0.09333333333333334,11.866000000000001,2.2,89.23333333333333
78,84,2019-01-17,2,2,2018-2019,R10 Score Vasco da Gama,Sesi Franca,0,73.2,22.8,37.2,13.2,38.266666666666666,10.833333333333334,27.433333333333334,16.533333333333335,14.1,1.2020000000000002,7.6,24.333333333333332,31.08,18.6,40.46666666666667,45.870666666666665,13.2,19.133333333333333,69.132,0.7333333333333333,7.1,0.5166666666666667,1.4,19.133333333333333,0.07600000000000001,14.1,2.1,77.83333333333333,87.28571428571429,31.714285714285715,40.0,15.571428571428571,34.42857142857143,7.857142857142857,26.571428571428573,17.428571428571427,11.642857142857142,1.5164285714285712,10.571428571428571,28.857142857142858,36.325714285714284,20.0,32.0,62.61714285714286,15.571428571428571,18.642857142857142,83.07214285714284,2.2142857142857144,5.714285714285714,0.5057142857142858,1.5714285714285714,17.571428571428573,0.09214285714285717,11.642857142857142,1.7857142857142858,101.28571428571429
60,73,2019-01-17,2,2,2018-2019,Fortaleza B. C. / CFO,Mogi,0,70.456,22.5,38.489333333333335,9.466666666666667,38.88933333333333,12.533333333333333,26.356,12.589333333333334,14.277333333333333,0.9480000000000002,7.5,24.077333333333332,30.944666666666667,19.243999999999996,39.93333333333333,48.55266666666667,9.466666666666667,15.477333333333332,61.56933333333334,1.956,7.266666666666667,0.5306666666666666,2.3106666666666666,19.089333333333336,0.12200000000000001,14.277333333333333,3.3333333333333335,73.77733333333332,87.544,25.966666666666665,45.089333333333336,16.489333333333335,39.52333333333333,10.722,28.79933333333333,20.60066666666667,13.476666666666665,1.6226666666666665,8.655333333333333,22.923333333333336,37.752,22.543999999999997,40.81066666666666,55.29066666666666,16.489333333333335,22.811333333333334,72.21066666666667,1.3433333333333333,7.022,0.5386666666666665,3.49,19.632666666666662,0.17600000000000002,13.476666666666665,2.222,105.64466666666665
96,83,2019-01-18,2,2,2018-2019,Flamengo,Coop/São José Basketball,1,81.96533333333333,26.7,41.132,14.133333333333333,42.26533333333334,13.668000000000001,28.601333333333336,19.1,13.2,1.5133333333333334,8.9,27.667333333333335,33.0,20.568,39.79933333333334,52.11466666666667,14.133333333333333,18.2,77.36666666666666,0.9666666666666667,7.166,0.5893333333333335,1.4013333333333333,19.567333333333337,0.07200000000000001,13.2,1.665333333333333,96.56666666666666,80.43333333333334,25.3,38.8,16.333333333333332,35.8,9.566666666666666,26.233333333333334,19.266666666666666,14.933333333333334,1.3359999999999999,8.433333333333334,26.233333333333334,32.851333333333336,19.4,35.4,54.86733333333333,16.333333333333332,21.633333333333333,75.9593333333333,1.0,7.1,0.4900000000000001,1.8333333333333333,23.8,0.08133333333333333,14.933333333333334,2.6333333333333333,90.13333333333334
69,71,2019-01-19,2,2,2018-2019,Botafogo,Sesi Franca,0,75.28571428571429,23.357142857142858,40.42857142857143,11.5,34.57142857142857,10.0,24.571428571428573,17.214285714285715,15.071428571428571,1.225714285714286,7.785714285714286,21.285714285714285,36.725,20.214285714285715,39.07142857142857,51.864999999999995,11.5,16.785714285714285,68.815,2.0,7.714285714285714,0.5157142857142858,1.9285714285714286,23.428571428571427,0.085,15.071428571428571,2.9285714285714284,83.78571428571429,86.63333333333334,31.8,39.333333333333336,15.5,34.4,7.8,26.6,17.366666666666667,11.633333333333333,1.5106666666666664,10.6,28.933333333333334,36.34866666666666,19.666666666666668,31.733333333333334,62.014,15.5,18.733333333333334,82.36733333333332,2.1333333333333333,5.733333333333333,0.5066666666666667,1.5666666666666667,17.533333333333335,0.09200000000000003,11.633333333333333,1.7,100.26666666666667
80,89,2019-01-19,2,2,2018-2019,Joinville / AABJ,Minas,0,78.16666666666667,33.0,33.599333333333334,11.567333333333332,35.733333333333334,11.434,24.299333333333333,14.633333333333333,13.434,1.2100000000000002,10.999333333333334,29.5,37.106,16.800666666666665,35.16733333333333,47.82066666666667,11.567333333333332,17.432666666666666,66.11200000000001,1.1660000000000001,7.4673333333333325,0.6026666666666667,2.267333333333333,20.733333333333334,0.10533333333333333,13.434,2.432666666666667,81.93333333333334,78.63399999999999,26.6,36.26733333333333,15.766666666666664,36.501333333333335,10.266,26.233333333333338,17.066000000000003,13.799333333333335,1.2746666666666664,8.868,25.6,34.42600000000001,18.13266666666667,36.5,49.82600000000001,15.766666666666664,22.100000000000005,71.09866666666667,1.8673333333333333,7.700666666666666,0.582,2.033333333333333,20.40066666666667,0.10000000000000005,13.799333333333335,1.6986666666666668,86.434
65,64,2019-01-21,3,2,2018-2019,Mogi,Minas,1,86.82199999999999,25.933333333333334,44.44466666666667,16.444666666666667,39.51200000000001,10.377333333333333,29.132666666666662,20.000666666666667,13.554666666666666,1.5626666666666664,8.644,22.645333333333333,38.332,22.221999999999998,40.221999999999994,55.20333333333333,16.444666666666667,23.02266666666667,71.18133333333334,1.3546666666666667,6.910666666666667,0.526,3.378666666666667,19.399333333333335,0.17066666666666666,13.554666666666666,2.177333333333333,104.28933333333332,79.20066666666665,26.8,36.934,15.466666666666665,36.868,10.799333333333333,26.06666666666667,17.332666666666668,13.466000000000001,1.3193333333333332,8.934666666666665,25.733333333333334,34.526,18.466,37.2,49.734666666666676,15.466666666666665,22.000000000000004,70.04733333333334,1.934,7.600666666666666,0.5839999999999999,1.9333333333333333,20.20066666666667,0.09533333333333335,13.466000000000001,1.532,87.134
75,76,2019-01-22,3,2,2018-2019,Bauru Basket,Brasília,0,76.33466666666666,26.6,33.86666666666667,15.867999999999999,37.6,8.601333333333333,29.00066666666667,16.932,13.332666666666666,1.334666666666667,8.866000000000001,25.39933333333333,35.07,16.933333333333334,33.467333333333336,50.46533333333334,15.867999999999999,21.866666666666667,72.80599999999998,1.0013333333333334,6.067333333333334,0.47599999999999987,1.8,21.199333333333335,0.08266666666666665,13.332666666666666,2.667333333333333,86.2,77.73399999999998,28.4,34.26733333333333,15.066666666666666,33.0,8.666,24.334000000000003,16.2,13.2,1.2973333333333332,9.466666666666667,27.865999999999996,34.108666666666664,17.132666666666662,34.333999999999996,50.22266666666666,15.066666666666666,20.667333333333335,73.48533333333333,0.6666666666666666,6.066666666666666,0.4880000000000001,2.533333333333333,22.4,0.11533333333333336,13.2,1.9340000000000004,80.99933333333334
78,69,2019-01-22,3,2,2018-2019,Botafogo,Fortaleza B. C. / CFO,1,74.86666666666666,23.0,40.53333333333333,11.333333333333334,34.733333333333334,10.2,24.533333333333335,17.133333333333333,14.8,1.2406666666666668,7.666666666666667,21.533333333333335,35.876666666666665,20.266666666666666,39.06666666666667,51.99733333333333,11.333333333333334,16.4,69.682,1.9333333333333333,7.533333333333333,0.5113333333333334,1.8666666666666667,23.4,0.08200000000000002,14.8,2.8666666666666667,83.4,70.11133333333333,22.4,38.711333333333336,9.0,38.64466666666667,12.4,26.244666666666667,12.778,14.021999999999998,0.9933333333333333,7.466666666666667,24.422,30.413333333333334,19.35533333333333,39.666666666666664,49.11333333333334,9.0,14.822,60.93999999999999,1.8446666666666667,7.466666666666667,0.5613333333333334,2.4219999999999997,19.111333333333334,0.12799999999999997,14.021999999999998,3.2666666666666666,74.15533333333333
85,91,2019-01-23,3,2,2018-2019,Paulistano,Pinheiros,0,82.56599999999999,30.6,35.93333333333333,16.032666666666668,42.299333333333344,12.433999999999997,29.867333333333338,16.90066666666667,14.232666666666663,1.2233333333333332,10.2,30.00066666666667,34.330000000000005,17.966666666666665,34.467333333333336,51.915333333333336,16.032666666666668,21.8,73.64533333333334,2.800666666666667,6.166666666666667,0.44666666666666655,2.5340000000000003,21.0,0.12266666666666666,14.232666666666663,2.066666666666667,93.90066666666668,82.02266666666668,33.333333333333336,35.82266666666667,12.866666666666667,34.77733333333333,10.822666666666667,23.956000000000003,14.577333333333334,11.910666666666666,1.3573333333333333,11.110666666666667,29.622666666666667,37.84866666666666,17.910666666666664,35.266666666666666,51.35666666666667,12.866666666666667,17.444,74.29266666666666,1.0,7.6,0.6999999999999998,1.7106666666666668,18.689333333333334,0.09066666666666669,11.910666666666666,2.3333333333333335,88.26666666666667
77,79,2019-01-24,3,2,2018-2019,R10 Score Vasco da Gama,Fortaleza B. C. / CFO,0,74.1,22.9,37.666666666666664,13.533333333333333,38.3,11.0,27.3,16.466666666666665,14.233333333333333,1.1866666666666668,7.633333333333334,24.266666666666666,31.291333333333334,18.833333333333332,40.56666666666667,46.303999999999995,13.533333333333333,19.3,70.10066666666667,0.6333333333333333,7.166666666666667,0.5173333333333333,1.2333333333333334,19.333333333333332,0.06733333333333333,14.233333333333333,2.0,78.83333333333333,70.33333333333333,22.5,39.06666666666667,8.766666666666667,38.7,12.4,26.3,12.733333333333333,14.3,0.9759999999999999,7.5,24.6,30.306666666666665,19.533333333333335,39.266666666666666,50.02933333333333,8.766666666666667,14.4,61.160666666666664,1.7666666666666666,7.4,0.5513333333333335,2.433333333333333,19.133333333333333,0.12866666666666665,14.3,3.533333333333333,74.7
50,89,2019-01-24,3,2,2018-2019,Joinville / AABJ,Flamengo,0,78.8,32.53333333333333,34.844,11.422666666666666,35.2,11.289333333333333,23.910666666666664,14.333333333333334,13.156,1.2060000000000002,10.844,29.6,36.42600000000001,17.422666666666668,35.756,48.77533333333334,11.422666666666666,17.044,66.78466666666667,1.1773333333333333,7.6226666666666665,0.6220000000000001,2.4226666666666667,21.066666666666666,0.11066666666666668,13.156,2.2439999999999998,82.33333333333333,82.19866666666667,26.4,41.51,14.288666666666666,41.71,13.423333333333336,28.290000000000003,18.978,13.466666666666667,1.4766666666666668,8.8,27.156000000000002,33.25,20.756666666666668,39.466,52.98066666666667,14.288666666666666,18.311333333333334,77.70933333333332,0.9333333333333333,7.044,0.5706666666666667,1.3346666666666667,19.756000000000004,0.068,13.466666666666667,1.6433333333333333,96.64466666666665
74,81,2019-01-26,3,2,2018-2019,Mogi,Flamengo,0,85.63333333333334,25.3,44.2,16.133333333333333,39.50066666666667,10.632666666666667,28.865999999999996,19.467333333333332,13.399333333333335,1.537333333333333,8.432666666666666,22.800666666666665,37.222,22.1,40.53333333333333,54.65266666666666,16.133333333333333,22.700666666666667,70.72466666666666,1.366,6.866,0.5313333333333333,3.434,19.232666666666667,0.17533333333333337,13.399333333333335,2.0660000000000003,101.93399999999998,82.46533333333333,25.9,42.42133333333333,14.144,41.587999999999994,13.112,28.478666666666665,18.789333333333335,13.433333333333334,1.4633333333333336,8.633333333333333,26.64466666666667,33.19733333333334,21.212,39.532666666666664,53.92666666666666,14.144,18.122666666666667,77.66266666666667,0.9333333333333333,6.922000000000001,0.5606666666666665,1.3679999999999999,19.64466666666667,0.07066666666666667,13.433333333333334,1.688,97.32266666666666
69,67,2019-01-26,3,2,2018-2019,Pinheiros,Botafogo,1,81.51133333333334,33.266666666666666,34.978,13.266666666666667,35.15533333333333,10.844666666666667,24.311333333333334,14.521999999999998,12.288666666666666,1.3193333333333332,11.088666666666665,29.744666666666667,37.58866666666666,17.488666666666667,34.7,50.914,13.266666666666667,18.221999999999998,73.52,0.9333333333333333,7.533333333333333,0.6819999999999999,1.5886666666666664,19.244666666666667,0.08266666666666668,12.288666666666666,2.4,87.13333333333334,75.06666666666666,23.3,40.13333333333333,11.633333333333333,34.733333333333334,10.5,24.233333333333334,17.266666666666666,14.766666666666667,1.2533333333333336,7.766666666666667,21.6,36.250666666666675,20.066666666666666,39.266666666666666,51.20666666666667,11.633333333333333,16.733333333333334,70.13799999999999,1.9,7.466666666666667,0.5073333333333335,1.8,23.4,0.07866666666666669,14.766666666666667,2.8,83.23333333333333
79,72,2019-01-28,4,2,2018-2019,Coop/São José Basketball,Botafogo,1,79.93333333333334,24.7,38.8,16.433333333333334,35.233333333333334,9.466666666666667,25.766666666666666,19.3,14.966666666666667,1.3353333333333335,8.233333333333333,26.233333333333334,32.00000000000001,19.4,35.166666666666664,55.30399999999999,16.433333333333334,21.733333333333334,76.05666666666664,1.0666666666666667,7.333333333333333,0.5046666666666667,1.7666666666666666,24.0,0.07800000000000001,14.966666666666667,2.6,89.3,75.26666666666667,23.6,39.733333333333334,11.933333333333334,34.733333333333334,10.8,23.933333333333334,17.4,14.733333333333333,1.2660000000000005,7.866666666666666,21.666666666666668,36.62466666666668,19.866666666666667,39.46666666666667,50.41600000000001,11.933333333333334,17.066666666666666,70.59400000000001,1.8666666666666667,7.4,0.5033333333333335,1.7333333333333334,23.4,0.07533333333333335,14.733333333333333,2.7333333333333334,83.06666666666666
77,90,2019-01-29,4,2,2018-2019,Fortaleza B. C. / CFO,Corinthians,0,71.26666666666667,23.4,39.333333333333336,8.533333333333333,38.333333333333336,12.0,26.333333333333332,13.0,14.4,0.9886666666666666,7.8,24.866666666666667,31.273999999999997,19.666666666666668,38.733333333333334,50.965999999999994,8.533333333333333,14.333333333333334,59.80533333333333,1.6666666666666667,6.933333333333334,0.5206666666666667,2.2666666666666666,19.4,0.11599999999999998,14.4,3.8,75.33333333333333,78.66666666666667,21.4,40.266,17.00066666666667,36.733333333333334,11.132666666666669,25.60066666666667,17.79933333333333,14.266000000000002,1.32,7.134,22.332666666666665,32.19733333333333,20.134000000000004,40.73266666666667,49.910000000000004,17.00066666666667,21.732666666666663,78.34933333333333,2.066666666666667,7.266666666666667,0.5113333333333334,1.8673333333333337,24.40066666666667,0.07466666666666669,14.266000000000002,2.0,87.40066666666668
88,85,2019-01-30,4,2,2018-2019,Minas,Paulistano,1,77.66733333333332,26.066666666666666,36.88933333333333,14.711333333333332,37.22333333333334,11.310666666666666,25.911333333333335,16.399333333333335,13.599333333333334,1.238,8.690000000000001,25.4,34.06666666666668,18.444,38.022,48.71266666666667,14.711333333333332,21.244666666666667,67.98266666666667,1.8226666666666667,7.689333333333334,0.5846666666666667,2.0,19.800666666666668,0.10533333333333335,13.599333333333334,1.6433333333333333,84.28933333333335,82.666,30.8,35.46666666666667,16.399333333333335,42.466,12.533999999999997,29.934000000000005,16.934000000000005,14.465999999999998,1.2006666666666665,10.266666666666667,30.267333333333337,34.33533333333334,17.733333333333334,34.26733333333333,51.57,16.399333333333335,22.0,74.512,2.6673333333333336,6.133333333333334,0.43666666666666654,2.400666666666667,21.533333333333335,0.116,14.465999999999998,1.9333333333333333,93.60066666666668
84,82,2019-01-31,4,2,2018-2019,Brasília,Corinthians,1,77.96733333333331,28.0,35.26733333333333,14.7,32.96666666666667,8.632666666666667,24.334000000000003,16.2,13.233333333333333,1.295333333333333,9.333333333333334,27.432666666666663,34.16733333333333,17.632666666666662,34.26733333333333,51.64266666666666,14.7,20.767333333333337,70.816,0.6,6.0,0.48266666666666674,2.533333333333333,22.533333333333335,0.11466666666666668,13.233333333333333,1.8340000000000003,81.49933333333335,78.53333333333333,21.5,39.93266666666667,17.10066666666667,36.666666666666664,10.966000000000001,25.70066666666667,17.266,14.33266666666667,1.274,7.167333333333334,22.565999999999995,31.88133333333333,19.967333333333336,40.566,49.726666666666674,17.10066666666667,21.79933333333333,78.58,2.066666666666667,7.466666666666667,0.5233333333333333,1.800666666666667,24.300666666666668,0.07200000000000002,14.33266666666667,1.9666666666666666,86.56733333333334
95,87,2019-02-01,4,2,2018-2019,Flamengo,Paulistano,1,82.732,25.4,43.33266666666667,13.999333333333334,41.466,12.800666666666666,28.667333333333332,18.600666666666665,13.4,1.45,8.466666666666667,26.133333333333333,33.14466666666667,21.667333333333332,39.599333333333334,54.87266666666666,13.999333333333334,17.934,77.616,0.9333333333333333,6.8,0.5506666666666665,1.4013333333333333,19.533333333333335,0.07333333333333333,13.4,1.7326666666666668,98.00066666666666,83.29933333333334,30.9,35.6,16.799333333333337,42.43266666666667,12.66733333333333,29.767333333333337,17.034000000000002,14.632666666666664,1.1953333333333334,10.3,30.300666666666668,34.40933333333333,17.8,34.367333333333335,51.60466666666665,16.799333333333337,22.6,74.29466666666666,2.800666666666667,5.966666666666667,0.4186666666666665,2.3673333333333337,21.633333333333333,0.11399999999999996,14.632666666666664,2.033333333333333,93.70066666666668
88,71,2019-02-02,4,2,2018-2019,Sesi Franca,Bauru Basket,1,86.56666666666666,32.3,39.06666666666667,15.2,34.3,7.633333333333334,26.666666666666668,17.466666666666665,11.666666666666666,1.5153333333333332,10.766666666666667,28.9,36.93533333333333,19.533333333333335,31.6,61.80733333333334,15.2,18.5,81.81066666666668,2.1333333333333333,5.766666666666667,0.5080000000000001,1.5666666666666667,17.366666666666667,0.09266666666666667,11.666666666666666,1.7,100.3,76.28999999999999,26.733333333333334,33.46666666666667,16.09,37.55533333333333,8.823333333333334,28.734,16.64333333333333,13.332666666666666,1.3106666666666664,8.910666666666666,25.732666666666667,34.785999999999994,16.733333333333334,33.40066666666667,49.898666666666685,16.09,22.222,72.72666666666666,0.9566666666666667,6.000666666666667,0.4706666666666666,1.8,21.332666666666668,0.08266666666666667,13.332666666666666,2.622666666666667,85.2
67,83,2019-02-04,5,2,2018-2019,Coop/São José Basketball,Pinheiros,0,79.26666666666667,25.0,38.0,16.266666666666666,35.6,10.0,25.6,19.4,15.133333333333333,1.3266666666666667,8.333333333333334,26.4,32.098,19.0,35.06666666666667,54.267333333333326,16.266666666666666,21.266666666666666,77.23399999999998,1.2,7.133333333333334,0.48866666666666675,1.7333333333333334,23.666666666666668,0.07733333333333334,15.133333333333333,2.533333333333333,88.66666666666667,81.0,33.2,34.13333333333333,13.666666666666666,35.53333333333333,10.866666666666667,24.666666666666668,14.466666666666667,12.666666666666666,1.2813333333333332,11.066666666666666,29.866666666666667,37.32866666666666,17.066666666666666,34.13333333333333,50.471333333333334,13.666666666666666,19.0,72.74733333333333,0.8666666666666667,7.466666666666667,0.664,1.4666666666666666,19.8,0.07466666666666667,12.666666666666666,2.466666666666667,86.0
81,92,2019-02-04,5,2,2018-2019,R10 Score Vasco da Gama,Minas,0,74.46666666666667,23.4,37.333333333333336,13.733333333333333,37.86666666666667,10.866666666666667,27.0,16.266666666666666,14.333333333333334,1.1646666666666665,7.8,24.133333333333333,32.166666666666664,18.666666666666668,40.4,46.077333333333335,13.733333333333333,19.333333333333332,70.91799999999999,0.5333333333333333,7.2,0.5166666666666667,1.1333333333333333,19.266666666666666,0.06266666666666666,14.333333333333334,1.9333333333333333,78.86666666666666,77.73399999999998,25.933333333333334,37.37800000000001,14.422666666666666,37.112,11.555333333333332,25.556,16.532666666666668,13.732666666666667,1.2326666666666668,8.645333333333333,25.6,33.654,18.688666666666666,38.37733333333333,48.842666666666666,14.422666666666666,20.956000000000003,67.53866666666666,1.9113333333333336,7.4446666666666665,0.5613333333333334,1.8,20.067333333333337,0.09466666666666668,13.732666666666667,1.6213333333333333,83.44466666666668
80,87,2019-02-05,5,2,2018-2019,Brasília,Fortaleza B. C. / CFO,0,78.73399999999998,27.8,35.867333333333335,15.066666666666666,33.0,8.666,24.334000000000003,15.866666666666667,13.4,1.265333333333333,9.266666666666667,27.199333333333332,34.215333333333334,17.932666666666663,33.867333333333335,53.05733333333333,15.066666666666666,21.534000000000002,69.70066666666668,0.5333333333333333,6.066666666666666,0.48266666666666674,2.3333333333333335,22.666666666666668,0.10533333333333333,13.4,1.8006666666666666,82.13266666666668,70.93333333333334,22.6,39.4,8.933333333333334,37.766666666666666,11.7,26.066666666666666,12.7,14.933333333333334,0.9259999999999998,7.533333333333333,24.266666666666666,30.975333333333328,19.7,38.63333333333333,51.25066666666666,8.933333333333334,14.9,60.080666666666666,1.4333333333333333,7.2,0.5180000000000001,2.2333333333333334,19.433333333333334,0.114,14.933333333333334,4.033333333333333,74.06666666666666
79,74,2019-02-05,5,2,2018-2019,Flamengo,Sesi Franca,1,84.04333333333334,26.0,43.599333333333334,14.443999999999999,41.599333333333334,12.934,28.667333333333332,18.667333333333332,12.8,1.542,8.666666666666666,26.511333333333333,33.38733333333334,21.800666666666665,39.77733333333333,54.97733333333334,14.443999999999999,18.467333333333332,77.90933333333334,1.0666666666666667,6.978,0.6099999999999999,1.3566666666666667,19.578,0.07133333333333335,12.8,1.5326666666666668,99.934,87.2,32.6,39.46666666666667,15.133333333333333,34.266666666666666,7.733333333333333,26.533333333333335,17.6,11.866666666666667,1.5053333333333332,10.866666666666667,28.533333333333335,37.744,19.733333333333334,32.0,61.73333333333335,15.133333333333333,18.266666666666666,82.42066666666666,2.1333333333333333,5.866666666666666,0.5080000000000001,1.6666666666666667,17.2,0.09933333333333333,11.866666666666667,1.7333333333333334,101.46666666666667
83,69,2019-02-11,6,2,2018-2019,Sesi Franca,Brasília,1,86.43333333333334,31.8,39.2,15.433333333333334,34.06666666666667,7.566666666666666,26.5,17.066666666666666,11.633333333333333,1.4899999999999998,10.6,28.033333333333335,37.507999999999996,19.6,32.4,60.745333333333335,15.433333333333334,18.8,81.86533333333334,2.066666666666667,6.066666666666666,0.5386666666666666,1.8333333333333333,17.433333333333334,0.10533333333333333,11.633333333333333,1.7,100.03333333333333,78.70066666666665,28.3,35.867333333333335,14.533333333333333,33.36666666666667,8.532666666666666,24.834000000000003,15.766666666666667,13.633333333333333,1.2506666666666664,9.433333333333334,27.465999999999998,34.54866666666667,17.932666666666663,33.834,53.10066666666667,14.533333333333333,20.834000000000003,69.67333333333333,0.5,6.166666666666667,0.48400000000000004,2.466666666666667,22.666666666666668,0.11066666666666666,13.633333333333333,1.8673333333333333,82.39933333333335
90,88,2019-02-13,6,2,2018-2019,Mogi,R10 Score Vasco da Gama,1,83.8,24.6,44.0,15.2,39.467333333333336,10.932666666666668,28.532666666666668,19.134,13.066,1.5506666666666666,8.199333333333334,22.934,36.05666666666668,22.0,41.06666666666667,53.894,15.2,21.534,70.41333333333333,1.3326666666666669,6.799333333333333,0.5426666666666667,3.267333333333333,18.532666666666668,0.17466666666666666,13.066,1.9993333333333334,99.06733333333334,74.7,22.7,37.53333333333333,14.466666666666667,37.93333333333333,10.966666666666667,26.966666666666665,16.433333333333334,14.466666666666667,1.1626666666666665,7.566666666666666,24.2,31.127999999999997,18.766666666666666,40.4,46.32133333333334,14.466666666666667,20.066666666666666,71.858,0.5333333333333333,7.3,0.5166666666666667,1.0333333333333334,19.5,0.05666666666666667,14.466666666666667,1.8,79.0
92,70,2019-02-13,6,2,2018-2019,Pinheiros,Joinville / AABJ,1,81.1,32.7,33.93333333333333,14.466666666666667,36.0,11.2,24.8,14.466666666666667,12.7,1.2779999999999998,10.9,29.2,37.66,16.966666666666665,34.63333333333333,49.308,14.466666666666667,20.1,72.87133333333333,0.8,7.5,0.6646666666666668,1.5333333333333334,19.733333333333334,0.07933333333333333,12.7,2.433333333333333,86.23333333333333,77.4,31.866666666666667,34.755333333333326,10.778,34.666666666666664,11.111333333333334,23.555333333333333,13.8,12.911333333333335,1.1833333333333333,10.621999999999998,29.8,35.43,17.378,35.84466666666667,48.53266666666668,10.778,16.088666666666665,66.57333333333334,1.1553333333333333,7.4446666666666665,0.616,2.5780000000000003,20.933333333333334,0.12133333333333333,12.911333333333335,2.222,79.86666666666666
76,86,2019-02-13,6,2,2018-2019,Fortaleza B. C. / CFO,Coop/São José Basketball,0,71.26666666666667,23.0,38.53333333333333,9.733333333333333,38.4,12.133333333333333,26.266666666666666,12.333333333333334,15.266666666666667,0.8673333333333333,7.666666666666667,23.933333333333334,32.01,19.266666666666666,39.0,49.62666666666666,9.733333333333333,16.133333333333333,60.24466666666667,1.5333333333333334,7.6,0.5313333333333333,2.2,19.6,0.112,15.266666666666667,4.0,73.86666666666666,79.6,24.8,39.333333333333336,15.466666666666667,35.13333333333333,9.4,25.733333333333334,19.4,14.933333333333334,1.338,8.266666666666667,26.2,31.997333333333337,19.666666666666668,34.86666666666667,56.45066666666666,15.466666666666667,20.466666666666665,75.23399999999998,1.2666666666666666,7.066666666666666,0.4900000000000001,1.6,23.933333333333334,0.07133333333333333,14.933333333333334,2.4,89.6
93,89,2019-02-14,6,2,2018-2019,Minas,Bauru Basket,1,78.06733333333334,26.2,37.2,14.667333333333334,37.20066666666666,11.8,25.40066666666667,16.599333333333334,14.332666666666666,1.1906666666666665,8.734,25.2,34.81533333333334,18.6,38.73266666666667,48.11800000000001,14.667333333333334,21.20066666666667,67.78933333333333,1.8666666666666667,7.533333333333333,0.5493333333333333,1.6,20.200666666666667,0.084,14.332666666666666,1.7326666666666668,83.26666666666667,75.97866666666667,26.066666666666666,34.0,15.912,37.17733333333333,9.045333333333334,28.134,16.354666666666667,13.599333333333334,1.2673333333333334,8.688666666666666,25.399333333333335,34.358666666666664,17.0,34.00066666666667,49.762000000000015,15.912,21.843999999999998,73.33066666666667,0.912,6.000666666666667,0.4626666666666666,1.7333333333333334,21.666,0.07933333333333333,13.599333333333334,2.778,83.86666666666666
92,83,2019-02-15,6,2,2018-2019,Corinthians,Joinville / AABJ,1,78.4,21.6,39.599333333333334,17.20066666666667,36.6,10.799333333333333,25.800666666666668,16.732666666666663,14.399333333333336,1.2280000000000002,7.200666666666667,22.79933333333333,31.565333333333335,19.800666666666668,40.39933333333333,49.54333333333334,17.20066666666667,21.865999999999996,78.81066666666668,2.066666666666667,7.666666666666667,0.5353333333333334,1.7339999999999998,24.20066666666667,0.06933333333333334,14.399333333333336,1.9333333333333333,85.73399999999998,77.76666666666667,31.3,35.8,10.666666666666666,34.1,10.933333333333334,23.166666666666668,13.633333333333333,12.866666666666667,1.1753333333333331,10.433333333333334,29.633333333333333,34.919333333333334,17.9,36.43333333333333,49.24066666666668,10.666666666666666,15.666666666666666,67.612,1.1333333333333333,7.366666666666666,0.612,2.533333333333333,20.933333333333334,0.11933333333333332,12.866666666666667,2.1333333333333333,79.66666666666667
81,73,2019-02-15,6,2,2018-2019,Brasília,Coop/São José Basketball,1,78.33399999999999,28.6,35.734,14.0,33.833333333333336,8.666,25.167333333333335,16.033333333333335,13.9,1.2526666666666666,9.533333333333333,27.766,34.55866666666667,17.866,33.80066666666667,52.968666666666664,14.0,20.167333333333335,69.52399999999999,0.4666666666666667,6.2,0.4813333333333334,2.466666666666667,22.6,0.11133333333333333,13.9,2.134,82.36600000000001,79.93333333333334,24.5,39.53333333333333,15.9,35.166666666666664,9.6,25.566666666666666,19.366666666666667,15.166666666666666,1.3173333333333332,8.166666666666666,25.666666666666668,32.192,19.766666666666666,34.93333333333333,56.65,15.9,20.833333333333332,75.88733333333333,1.2,7.0,0.47466666666666674,1.4666666666666666,24.233333333333334,0.06533333333333334,15.166666666666666,2.3,90.03333333333333
89,91,2019-02-15,6,2,2018-2019,Mogi,Paulistano,0,84.46666666666667,25.3,43.93333333333333,15.233333333333333,39.26733333333333,10.766,28.499333333333333,19.434,12.799333333333333,1.6,8.432666666666666,23.200666666666667,36.53333333333333,21.966666666666665,40.733333333333334,54.35333333333333,15.233333333333333,21.534,70.59333333333332,1.3326666666666669,6.566,0.5346666666666667,3.3673333333333333,18.866,0.17800000000000002,12.799333333333333,1.8326666666666669,100.26733333333333,83.93266666666668,31.0,35.733333333333334,17.199333333333335,42.39933333333333,12.800666666666665,29.60066666666667,17.134000000000004,14.79933333333333,1.19,10.333333333333334,30.334000000000003,34.48333333333334,17.866666666666667,34.467333333333336,51.63933333333334,17.199333333333335,23.2,74.07733333333333,2.934,5.8,0.40066666666666656,2.3340000000000005,21.733333333333334,0.11199999999999997,14.79933333333333,2.1333333333333333,93.80066666666667
86,103,2019-02-16,6,2,2018-2019,Minas,Sesi Franca,0,79.56733333333334,26.7,37.4,15.467333333333332,38.034,12.333333333333334,25.700666666666667,17.066,14.799333333333333,1.1906666666666665,8.900666666666666,25.566666666666666,35.06133333333334,18.7,38.466,48.72733333333334,15.467333333333332,21.934,69.14133333333332,1.8333333333333333,7.566666666666666,0.536,1.5666666666666667,20.334,0.08200000000000002,14.799333333333333,1.9660000000000002,85.8,86.93333333333334,31.4,39.666666666666664,15.866666666666667,33.5,7.366666666666666,26.133333333333333,17.133333333333333,11.566666666666666,1.504,10.466666666666667,27.466666666666665,37.87933333333333,19.833333333333332,32.93333333333333,60.550000000000004,15.866666666666667,19.3,82.19866666666667,2.0,6.233333333333333,0.5546666666666665,1.9333333333333333,17.466666666666665,0.11,11.566666666666666,1.7,100.43333333333334
54,59,2019-02-19,7,2,2018-2019,Joinville / AABJ,Botafogo,0,78.33333333333333,31.2,36.266666666666666,10.866666666666667,34.53333333333333,11.266666666666667,23.266666666666666,13.6,13.0,1.166,10.4,29.4,35.05533333333334,18.133333333333333,37.333333333333336,48.418000000000006,10.866666666666667,15.8,68.26666666666667,1.0666666666666667,7.266666666666667,0.6020000000000001,2.6,21.266666666666666,0.12333333333333332,13.0,2.2666666666666666,80.06666666666666,75.86666666666666,23.8,40.0,12.066666666666666,34.4,10.866666666666667,23.533333333333335,17.866666666666667,14.733333333333333,1.2993333333333335,7.933333333333334,21.866666666666667,36.70933333333334,20.0,39.266666666666666,51.08533333333333,12.066666666666666,17.066666666666666,71.80600000000001,1.8,7.4,0.5033333333333335,1.6666666666666667,23.333333333333332,0.07266666666666668,14.733333333333333,3.066666666666667,84.06666666666666
79,74,2019-02-23,7,2,2018-2019,Botafogo,R10 Score Vasco da Gama,1,74.9,23.3,39.666666666666664,11.933333333333334,34.266666666666666,10.966666666666667,23.3,17.233333333333334,14.866666666666667,1.2253333333333336,7.766666666666667,22.033333333333335,35.876666666666665,19.833333333333332,38.6,51.37133333333333,11.933333333333334,17.1,70.882,1.6,7.5,0.5066666666666667,1.6333333333333333,23.2,0.07200000000000001,14.866666666666667,3.033333333333333,82.33333333333333,75.4,23.2,37.733333333333334,14.466666666666667,38.0,11.266666666666667,26.733333333333334,16.466666666666665,14.266666666666667,1.1986666666666665,7.733333333333333,24.466666666666665,31.34666666666667,18.866666666666667,40.53333333333333,46.40666666666667,14.466666666666667,19.933333333333334,72.54133333333334,0.5333333333333333,7.266666666666667,0.5306666666666666,0.9333333333333333,19.533333333333335,0.050666666666666665,14.266666666666667,1.8,79.86666666666666
82,68,2019-02-26,8,2,2018-2019,Coop/São José Basketball,R10 Score Vasco da Gama,1,80.26666666666667,24.2,39.733333333333334,16.333333333333332,35.2,9.8,25.4,19.333333333333332,15.4,1.2966666666666664,8.066666666666666,25.133333333333333,32.38666666666667,19.866666666666667,35.0,56.849333333333334,16.333333333333332,21.2,76.54066666666667,1.1333333333333333,6.933333333333334,0.45933333333333337,1.3333333333333333,24.533333333333335,0.05933333333333334,15.4,2.2,90.46666666666667,76.16666666666667,23.2,38.333333333333336,14.633333333333333,37.86666666666667,11.566666666666666,26.3,16.866666666666667,14.4,1.2146666666666663,7.733333333333333,24.066666666666666,31.852,19.166666666666668,40.93333333333333,46.737333333333346,14.633333333333333,19.8,73.56666666666666,0.43333333333333335,7.433333333333334,0.5373333333333333,0.8666666666666667,19.466666666666665,0.048,14.4,1.8333333333333333,81.46666666666667
88,77,2019-02-26,8,2,2018-2019,Fortaleza B. C. / CFO,Joinville / AABJ,1,71.16666666666667,22.9,38.06666666666667,10.2,37.666666666666664,11.9,25.766666666666666,12.266666666666667,15.066666666666666,0.8719999999999999,7.633333333333334,24.233333333333334,31.50333333333333,19.033333333333335,38.46666666666667,49.705999999999996,10.2,16.6,60.81066666666667,1.5666666666666667,7.833333333333333,0.5493333333333333,2.0,19.8,0.10266666666666668,15.066666666666666,3.6333333333333333,73.16666666666667,77.1,30.6,36.06666666666667,10.433333333333334,34.86666666666667,11.066666666666666,23.8,13.066666666666666,12.8,1.1326666666666665,10.2,29.3,34.406,18.033333333333335,37.2,48.28333333333333,10.433333333333334,15.266666666666667,67.57066666666667,1.1333333333333333,6.933333333333334,0.5826666666666667,2.6,21.5,0.12266666666666667,12.8,2.2333333333333334,78.53333333333333
109,65,2019-02-28,8,2,2018-2019,Paulistano,R10 Score Vasco da Gama,1,84.99933333333335,32.3,35.8,16.899333333333335,42.032666666666664,12.967333333333332,29.067333333333337,17.434000000000005,14.79933333333333,1.2113333333333332,10.766666666666667,30.70066666666667,35.45066666666666,17.9,34.16733333333333,52.16466666666667,16.899333333333335,22.7,74.44066666666664,2.900666666666667,5.366666666666666,0.36933333333333324,2.500666666666667,21.833333333333332,0.1193333333333333,14.79933333333333,2.2,95.16733333333333,76.43333333333334,23.1,38.8,14.533333333333333,37.4,11.433333333333334,25.966666666666665,16.833333333333332,14.433333333333334,1.2106666666666663,7.7,23.833333333333332,31.957333333333334,19.4,41.166666666666664,47.09000000000001,14.533333333333333,19.433333333333334,74.14466666666667,0.36666666666666664,7.466666666666667,0.5386666666666666,0.8666666666666667,19.3,0.048666666666666664,14.433333333333334,1.9,81.66666666666667
68,75,2019-02-28,8,2,2018-2019,Bauru Basket,Pinheiros,0,76.86733333333333,26.2,34.266666666666666,16.400666666666666,36.599333333333334,8.934,27.667333333333332,16.466,13.599333333333334,1.2766666666666666,8.733333333333333,25.466,34.425333333333334,17.133333333333333,34.26733333333333,49.73600000000001,16.400666666666666,22.332666666666668,73.93466666666667,0.8673333333333333,6.267333333333332,0.48466666666666663,2.2,22.13266666666667,0.09666666666666668,13.599333333333334,2.6666666666666665,84.8,81.8,32.6,34.666666666666664,14.533333333333333,36.8,11.666666666666666,25.133333333333333,15.2,12.666666666666666,1.3553333333333335,10.866666666666667,29.066666666666666,37.708666666666666,17.333333333333332,35.53333333333333,48.77733333333334,14.533333333333333,20.133333333333333,73.23333333333333,1.0,7.466666666666667,0.6640000000000001,1.6,19.6,0.08466666666666667,12.666666666666666,2.6,88.13333333333334
98,90,2019-02-28,8,2,2018-2019,Brasília,Joinville / AABJ,1,77.40066666666667,27.9,35.734,13.766666666666667,33.93333333333333,8.732666666666667,25.20066666666667,16.1,14.466666666666667,1.2173333333333334,9.3,26.965999999999998,34.63466666666667,17.866,33.90066666666667,52.83866666666667,13.766666666666667,19.767333333333333,69.748,0.4,6.266666666666667,0.4726666666666667,2.466666666666667,22.333333333333332,0.11266666666666666,14.466666666666667,2.3006666666666664,81.666,77.83333333333333,31.3,36.13333333333333,10.4,35.0,11.1,23.9,13.166666666666666,12.966666666666667,1.1286666666666667,10.433333333333334,29.666666666666668,34.702666666666666,18.066666666666666,37.266666666666666,48.297333333333334,10.4,15.0,68.38266666666667,1.1333333333333333,6.9,0.5733333333333335,2.7333333333333334,21.333333333333332,0.132,12.966666666666667,2.3666666666666667,79.5
90,79,2019-02-28,8,2,2018-2019,Corinthians,Mogi,1,79.13333333333334,21.7,39.93266666666667,17.50066666666667,36.4,10.966000000000001,25.434000000000005,17.29933333333333,14.299333333333335,1.2746666666666668,7.234,22.432666666666663,32.343333333333334,19.967333333333336,40.89933333333333,49.306000000000004,17.50066666666667,22.432666666666663,78.01866666666666,2.2333333333333334,7.8,0.548,1.7006666666666665,23.967333333333336,0.06866666666666668,14.299333333333335,1.8333333333333333,86.86733333333332,85.13333333333334,26.0,43.86666666666667,15.266666666666667,39.06733333333333,10.599333333333334,28.466,19.733999999999998,12.532666666666668,1.6493333333333335,8.666,23.467333333333332,37.01,21.933333333333334,40.4,54.81266666666667,15.266666666666667,21.534,70.77333333333333,1.3326666666666669,6.332666666666667,0.5266666666666667,3.4673333333333334,19.199333333333335,0.18133333333333335,12.532666666666668,1.6660000000000001,101.46733333333333
67,73,2019-03-01,8,2,2018-2019,Botafogo,Flamengo,0,73.93333333333334,22.8,39.333333333333336,11.8,34.13333333333333,11.066666666666666,23.066666666666666,16.6,15.0,1.151333333333333,7.6,22.2,35.044000000000004,19.666666666666668,37.93333333333333,51.65733333333333,11.8,17.133333333333333,69.95800000000001,1.4,7.6,0.5100000000000001,1.6,23.066666666666666,0.07133333333333333,15.0,3.0,80.6,84.288,25.2,44.132666666666665,14.955333333333332,42.132666666666665,13.000666666666666,29.134,18.733999999999998,12.466666666666667,1.5786666666666667,8.4,26.622666666666667,32.168,22.067333333333334,39.88866666666666,55.44266666666667,14.955333333333332,19.000666666666667,78.52000000000001,1.1333333333333333,6.822666666666667,0.6106666666666666,1.512,19.689333333333334,0.07800000000000001,12.466666666666667,1.3993333333333335,100.86733333333333
93,78,2019-03-02,8,2,2018-2019,Sesi Franca,Pinheiros,1,86.73333333333333,31.2,39.93333333333333,15.6,33.43333333333333,7.4,26.033333333333335,17.4,11.7,1.506,10.4,27.333333333333332,37.860666666666674,19.966666666666665,33.4,60.162666666666674,15.6,19.133333333333333,81.532,1.9,6.433333333333334,0.5653333333333332,2.0,17.733333333333334,0.1113333333333333,11.7,1.7,100.2,81.8,32.1,35.06666666666667,14.633333333333333,36.9,11.733333333333333,25.166666666666668,15.033333333333333,12.8,1.3320000000000003,10.7,28.766666666666666,37.43399999999999,17.533333333333335,35.833333333333336,48.9,14.633333333333333,20.233333333333334,73.36066666666666,1.0333333333333334,7.633333333333334,0.67,1.4,19.333333333333332,0.07600000000000001,12.8,2.7333333333333334,87.96666666666667
83,60,2019-03-04,9,2,2018-2019,Sesi Franca,Corinthians,1,86.53333333333333,30.8,40.266666666666666,15.466666666666667,33.4,7.333333333333333,26.066666666666666,17.4,12.133333333333333,1.46,10.266666666666667,27.333333333333332,37.38466666666667,20.133333333333333,33.266666666666666,60.98866666666667,15.466666666666667,19.133333333333333,80.86533333333334,1.8,6.533333333333333,0.5579999999999999,2.066666666666667,18.066666666666666,0.11199999999999997,12.133333333333333,1.7333333333333334,99.73333333333333,79.73333333333333,21.6,40.266,17.867333333333338,36.53333333333333,11.199333333333334,25.334000000000003,17.79933333333333,14.266,1.31,7.200666666666667,22.465999999999998,32.17266666666667,20.134000000000004,41.132666666666665,49.40133333333333,17.867333333333338,22.865999999999996,77.95733333333334,2.1333333333333333,7.866666666666666,0.5533333333333333,1.6673333333333331,23.534000000000002,0.06933333333333333,14.266,1.9333333333333333,88.00066666666665
79,62,2019-03-06,9,2,2018-2019,Botafogo,Minas,1,72.66666666666667,22.4,38.666666666666664,11.6,33.2,11.0,22.2,16.0,13.733333333333333,1.2526666666666664,7.466666666666667,22.866666666666667,33.495333333333335,19.333333333333332,38.0,50.72133333333333,11.6,16.933333333333334,69.51400000000002,1.3333333333333333,7.333333333333333,0.5833333333333334,1.6666666666666667,23.133333333333333,0.074,13.733333333333333,2.8,77.66666666666667,81.06733333333334,27.2,37.6,16.267333333333333,38.867333333333335,12.866666666666667,26.000666666666667,17.532666666666668,15.266,1.1906666666666665,9.067333333333332,25.933333333333334,35.30733333333334,18.8,38.199333333333335,49.33666666666668,16.267333333333333,22.667333333333332,70.49333333333333,1.8,7.6,0.5226666666666666,1.5333333333333334,20.467333333333332,0.08000000000000002,15.266,2.1993333333333336,88.33333333333333
78,94,2019-03-07,9,2,2018-2019,R10 Score Vasco da Gama,Brasília,0,76.2,23.2,38.8,14.2,37.4,11.133333333333333,26.266666666666666,16.666666666666668,14.466666666666667,1.198,7.733333333333333,23.533333333333335,32.38066666666666,19.4,41.2,47.051333333333346,14.2,19.066666666666666,73.82533333333332,0.4,7.466666666666667,0.538,0.8666666666666667,19.8,0.046666666666666676,14.466666666666667,2.0,81.53333333333333,78.00066666666666,27.2,37.467333333333336,13.333333333333334,34.2,8.732666666666667,25.467333333333332,16.8,14.8,1.2313333333333334,9.066666666666666,25.865999999999996,35.20066666666666,18.732666666666667,35.00066666666667,53.45,13.333333333333334,19.067333333333334,70.094,0.4666666666666667,6.333333333333333,0.46799999999999997,2.4,21.666666666666668,0.11266666666666668,14.8,2.2006666666666663,83.79933333333334
92,81,2019-03-07,9,2,2018-2019,Bauru Basket,Corinthians,1,75.20066666666666,25.3,34.6,15.300666666666666,35.73266666666667,8.434000000000001,27.300666666666665,16.066,13.699333333333334,1.2393333333333332,8.433333333333334,25.599333333333334,33.00533333333333,17.3,33.833999999999996,50.85333333333333,15.300666666666666,20.899333333333335,73.66733333333333,0.9339999999999999,6.500666666666666,0.5,2.3666666666666667,21.899333333333335,0.10600000000000001,13.699333333333334,2.566666666666667,82.66666666666667,79.7,21.9,40.266,17.534,37.56666666666667,11.299333333333333,26.267333333333337,17.499333333333333,14.266,1.2946666666666666,7.300666666666667,22.89933333333333,32.01533333333334,20.134000000000004,40.666000000000004,50.038,17.534,22.565999999999995,77.56533333333333,2.033333333333333,7.266666666666667,0.5219999999999999,1.8673333333333333,23.534000000000002,0.07933333333333333,14.266,2.0,88.36733333333332
78,71,2019-03-08,9,2,2018-2019,Pinheiros,Mogi,1,81.8,31.6,35.46666666666667,14.733333333333333,37.0,11.8,25.2,14.866666666666667,12.933333333333334,1.3086666666666666,10.533333333333333,28.466666666666665,37.15933333333333,17.733333333333334,36.13333333333333,49.02266666666666,14.733333333333333,20.333333333333332,73.48799999999999,1.0666666666666667,7.8,0.676,1.2,19.066666666666666,0.06733333333333333,12.933333333333334,2.8666666666666667,87.8,84.0,24.8,44.53333333333333,14.666666666666666,38.467333333333336,10.999333333333334,27.466,19.800666666666665,12.466000000000001,1.6580000000000001,8.266,23.467333333333332,35.472,22.266666666666666,41.13333333333333,54.57466666666667,14.666666666666666,20.534,71.45866666666666,1.3993333333333335,6.5326666666666675,0.5393333333333334,3.4673333333333334,19.266000000000002,0.1806666666666667,12.466000000000001,1.5993333333333335,99.66733333333333
